[     262ms] [WARNING] ⚠️ No AUTH_KEY found in environment variables, using fallback key @ http://localhost:8765/js/utils/storage.js:30
[     262ms] [LOG] 💡 To use a custom auth key, create a .env file with: AUTH_KEY=your_secure_key @ http://localhost:8765/js/utils/storage.js:31
[     262ms] [LOG] Storage initialized with empty data @ http://localhost:8765/js/utils/storage.js:12
[     263ms] [LOG] Raw data from localStorage: null @ http://localhost:8765/js/utils/storage.js:56
[     263ms] [LOG] No saved data found in localStorage @ http://localhost:8765/js/utils/storage.js:98
[     263ms] [LOG] 🔧 Environment Configuration Check: @ http://localhost:8765/js/utils/storage.js:40
[     263ms] [LOG]    Firebase API Key: ❌ Not found @ http://localhost:8765/js/utils/storage.js:41
[     263ms] [LOG]    Auth Key: ⚠️ Using default key @ http://localhost:8765/js/utils/storage.js:42
[     263ms] [WARNING] ⚠️ Firebase API key not properly configured @ http://localhost:8765/js/utils/storage.js:45
[     263ms] [WARNING] ⚠️ Using default authentication key - change this in production @ http://localhost:8765/js/utils/storage.js:49
[     308ms] [LOG] ✅ Environment variables loaded from .env file @ http://localhost:8765/js/utils/env.js:36
[     308ms] [LOG] 🌍 Environment variables loaded @ http://localhost:8765/js/utils/env.js:71
[     308ms] [LOG] 📝 To configure environment variables: @ http://localhost:8765/js/utils/env.js:72
[     308ms] [LOG]    1. Copy env.example to .env @ http://localhost:8765/js/utils/env.js:73
[     308ms] [LOG]    2. Set FIREBASE_API_KEY=your_firebase_key @ http://localhost:8765/js/utils/env.js:74
[     308ms] [LOG]    3. Set AUTH_KEY=your_secure_auth_key @ http://localhost:8765/js/utils/env.js:75
[     555ms] [LOG] Testing Firebase connection... @ http://localhost:8765/js/utils/firebaseConfig.js:26
[     558ms] [LOG] Recalculating team statistics... @ http://localhost:8765/js/app.js:1509
[     565ms] [ERROR] Failed to load resource: the server responded with a status of 404 (File not found) @ http://localhost:8765/favicon.ico:0
[    1513ms] [LOG] ✅ Firebase connection successful! @ http://localhost:8765/js/utils/firebaseConfig.js:29
[    1516ms] [LOG] Received real-time update for teams: [Object, Object, Object, Object, Object, Object, Object, Object, Object, Object] @ http://localhost:8765/js/app.js:1566
[    1517ms] [LOG] Received real-time update for matches: [Object, Object, Object, Object, Object, Object, Object, Object, Object, Object, Object, Object, Object, Object, Object, Object, Object, Object, Object, Object, Object, Object, Object, Object, Object, Object, Object, Object, Object, Object, Object, Object, Object, Object, Object, Object, Object, Object, Object, Object, Object, Object, Object, Object, Object, Object, Object] @ http://localhost:8765/js/app.js:1571
[    1521ms] [LOG] Teams retrieved: [Object, Object, Object, Object, Object, Object, Object, Object, Object, Object] @ http://localhost:8765/js/app.js:603
[    1521ms] [LOG] Team Coke stats: {losses: 3, matchesPlayed: 3, roundsWon: 15, draws: 0, roundsLost: 10} @ http://localhost:8765/js/app.js:629
[    1521ms] [LOG] Team Sprite stats: {wins: 3, points: 9, totalScore: 1606, matchesPlayed: 3, losses: 0} @ http://localhost:8765/js/app.js:629
[    1521ms] [LOG] Team AlphaStark stats: {losses: 4, matchesPlayed: 9, draws: 0, roundsLost: 40, roundsWon: 42} @ http://localhost:8765/js/app.js:629
[    1521ms] [LOG] Team SkySage stats: {totalScore: 3579, points: 12, wins: 4, roundsWon: 40, roundsLost: 42} @ http://localhost:8765/js/app.js:629
[    1521ms] [LOG] Team Gaurav/Akash stats: {draws: 0, roundsLost: 107, roundsWon: 93, losses: 10, matchesPlayed: 22} @ http://localhost:8765/js/app.js:629
[    1521ms] [LOG] Team Alegeus stars stats: {draws: 0, roundsLost: 20, roundsWon: 14, matchesPlayed: 4, losses: 2} @ http://localhost:8765/js/app.js:629
[    1521ms] [LOG] Team Gaurav/ Palash stats: {roundsWon: 3, roundsLost: 5, draws: 0, losses: 1, matchesPlayed: 1} @ http://localhost:8765/js/app.js:629
[    1521ms] [LOG] Team KorbaGang stats: {points: 24, wins: 8, totalScore: 7460, losses: 11, matchesPlayed: 19} @ http://localhost:8765/js/app.js:629
[    1521ms] [LOG] Team K2-G stats: {matchesPlayed: 1, losses: 0, draws: 0, roundsLost: 2, roundsWon: 6} @ http://localhost:8765/js/app.js:629
[    1521ms] [LOG] Team Sky/K2 stats: {totalScore: 552, wins: 1, points: 3, roundsWon: 5, draws: 0} @ http://localhost:8765/js/app.js:629
[    1523ms] [LOG] Found 10 teams and 36 completed matches @ http://localhost:8765/js/app.js:1515
[    1549ms] [LOG] Received real-time update for teams: [Object, Object, Object, Object, Object, Object, Object, Object, Object, Object] @ http://localhost:8765/js/app.js:1566
[    1596ms] [LOG] Teams retrieved: [Object, Object, Object, Object, Object, Object, Object, Object, Object, Object] @ http://localhost:8765/js/app.js:603
[    1596ms] [LOG] Team Coke stats: {losses: 0, matchesPlayed: 0, roundsWon: 0, draws: 0, roundsLost: 0} @ http://localhost:8765/js/app.js:629
[    1596ms] [LOG] Team Sprite stats: {wins: 3, points: 9, totalScore: 1606, matchesPlayed: 3, losses: 0} @ http://localhost:8765/js/app.js:629
[    1596ms] [LOG] Team AlphaStark stats: {losses: 4, matchesPlayed: 9, draws: 0, roundsLost: 40, roundsWon: 42} @ http://localhost:8765/js/app.js:629
[    1596ms] [LOG] Team SkySage stats: {totalScore: 3579, points: 12, wins: 4, roundsWon: 40, roundsLost: 42} @ http://localhost:8765/js/app.js:629
[    1596ms] [LOG] Team Gaurav/Akash stats: {draws: 0, roundsLost: 107, roundsWon: 93, losses: 10, matchesPlayed: 22} @ http://localhost:8765/js/app.js:629
[    1596ms] [LOG] Team Alegeus stars stats: {draws: 0, roundsLost: 20, roundsWon: 14, matchesPlayed: 4, losses: 2} @ http://localhost:8765/js/app.js:629
[    1596ms] [LOG] Team Gaurav/ Palash stats: {roundsWon: 3, roundsLost: 5, draws: 0, losses: 1, matchesPlayed: 1} @ http://localhost:8765/js/app.js:629
[    1596ms] [LOG] Team KorbaGang stats: {points: 24, wins: 8, totalScore: 7460, losses: 11, matchesPlayed: 19} @ http://localhost:8765/js/app.js:629
[    1596ms] [LOG] Team K2-G stats: {matchesPlayed: 1, losses: 0, draws: 0, roundsLost: 2, roundsWon: 6} @ http://localhost:8765/js/app.js:629
[    1596ms] [LOG] Team Sky/K2 stats: {totalScore: 552, wins: 1, points: 3, roundsWon: 5, draws: 0} @ http://localhost:8765/js/app.js:629
[    3607ms] [LOG] Received real-time update for teams: [Object, Object, Object, Object, Object, Object, Object, Object, Object, Object] @ http://localhost:8765/js/app.js:1566
[    3608ms] [LOG] Teams retrieved: [Object, Object, Object, Object, Object, Object, Object, Object, Object, Object] @ http://localhost:8765/js/app.js:603
[    3608ms] [LOG] Team Coke stats: {totalScore: 0, points: 0, wins: 0, draws: 0, roundsLost: 0} @ http://localhost:8765/js/app.js:629
[    3608ms] [LOG] Team Sprite stats: {wins: 0, points: 0, totalScore: 0, matchesPlayed: 0, losses: 0} @ http://localhost:8765/js/app.js:629
[    3608ms] [LOG] Team AlphaStark stats: {losses: 4, matchesPlayed: 9, draws: 0, roundsLost: 40, roundsWon: 42} @ http://localhost:8765/js/app.js:629
[    3608ms] [LOG] Team SkySage stats: {totalScore: 3579, points: 12, wins: 4, roundsWon: 40, roundsLost: 42} @ http://localhost:8765/js/app.js:629
[    3608ms] [LOG] Team Gaurav/Akash stats: {draws: 0, roundsLost: 107, roundsWon: 93, losses: 10, matchesPlayed: 22} @ http://localhost:8765/js/app.js:629
[    3608ms] [LOG] Team Alegeus stars stats: {draws: 0, roundsLost: 20, roundsWon: 14, matchesPlayed: 4, losses: 2} @ http://localhost:8765/js/app.js:629
[    3608ms] [LOG] Team Gaurav/ Palash stats: {roundsWon: 3, roundsLost: 5, draws: 0, losses: 1, matchesPlayed: 1} @ http://localhost:8765/js/app.js:629
[    3608ms] [LOG] Team KorbaGang stats: {points: 24, wins: 8, totalScore: 7460, losses: 11, matchesPlayed: 19} @ http://localhost:8765/js/app.js:629
[    3608ms] [LOG] Team K2-G stats: {matchesPlayed: 1, losses: 0, draws: 0, roundsLost: 2, roundsWon: 6} @ http://localhost:8765/js/app.js:629
[    3608ms] [LOG] Team Sky/K2 stats: {totalScore: 552, wins: 1, points: 3, roundsWon: 5, draws: 0} @ http://localhost:8765/js/app.js:629
[    4005ms] [LOG] Received real-time update for teams: [Object, Object, Object, Object, Object, Object, Object, Object, Object, Object] @ http://localhost:8765/js/app.js:1566
[    4006ms] [LOG] Teams retrieved: [Object, Object, Object, Object, Object, Object, Object, Object, Object, Object] @ http://localhost:8765/js/app.js:603
[    4006ms] [LOG] Team Coke stats: {totalScore: 0, points: 0, wins: 0, draws: 0, roundsLost: 0} @ http://localhost:8765/js/app.js:629
[    4006ms] [LOG] Team Sprite stats: {wins: 0, points: 0, totalScore: 0, matchesPlayed: 0, losses: 0} @ http://localhost:8765/js/app.js:629
[    4006ms] [LOG] Team AlphaStark stats: {losses: 0, matchesPlayed: 0, draws: 0, roundsLost: 0, roundsWon: 0} @ http://localhost:8765/js/app.js:629
[    4006ms] [LOG] Team SkySage stats: {totalScore: 3579, points: 12, wins: 4, roundsWon: 40, roundsLost: 42} @ http://localhost:8765/js/app.js:629
[    4006ms] [LOG] Team Gaurav/Akash stats: {draws: 0, roundsLost: 107, roundsWon: 93, losses: 10, matchesPlayed: 22} @ http://localhost:8765/js/app.js:629
[    4006ms] [LOG] Team Alegeus stars stats: {draws: 0, roundsLost: 20, roundsWon: 14, matchesPlayed: 4, losses: 2} @ http://localhost:8765/js/app.js:629
[    4006ms] [LOG] Team Gaurav/ Palash stats: {roundsWon: 3, roundsLost: 5, draws: 0, losses: 1, matchesPlayed: 1} @ http://localhost:8765/js/app.js:629
[    4006ms] [LOG] Team KorbaGang stats: {points: 24, wins: 8, totalScore: 7460, losses: 11, matchesPlayed: 19} @ http://localhost:8765/js/app.js:629
[    4006ms] [LOG] Team K2-G stats: {matchesPlayed: 1, losses: 0, draws: 0, roundsLost: 2, roundsWon: 6} @ http://localhost:8765/js/app.js:629
[    4006ms] [LOG] Team Sky/K2 stats: {totalScore: 552, wins: 1, points: 3, roundsWon: 5, draws: 0} @ http://localhost:8765/js/app.js:629
[    4416ms] [LOG] Received real-time update for teams: [Object, Object, Object, Object, Object, Object, Object, Object, Object, Object] @ http://localhost:8765/js/app.js:1566
[    4417ms] [LOG] Teams retrieved: [Object, Object, Object, Object, Object, Object, Object, Object, Object, Object] @ http://localhost:8765/js/app.js:603
[    4417ms] [LOG] Team Coke stats: {totalScore: 0, points: 0, wins: 0, draws: 0, roundsLost: 0} @ http://localhost:8765/js/app.js:629
[    4417ms] [LOG] Team Sprite stats: {roundsLost: 0, draws: 0, roundsWon: 0, matchesPlayed: 0, losses: 0} @ http://localhost:8765/js/app.js:629
[    4417ms] [LOG] Team AlphaStark stats: {losses: 0, matchesPlayed: 0, draws: 0, roundsLost: 0, roundsWon: 0} @ http://localhost:8765/js/app.js:629
[    4417ms] [LOG] Team SkySage stats: {totalScore: 0, points: 0, wins: 0, roundsWon: 0, roundsLost: 0} @ http://localhost:8765/js/app.js:629
[    4417ms] [LOG] Team Gaurav/Akash stats: {draws: 0, roundsLost: 107, roundsWon: 93, losses: 10, matchesPlayed: 22} @ http://localhost:8765/js/app.js:629
[    4417ms] [LOG] Team Alegeus stars stats: {draws: 0, roundsLost: 20, roundsWon: 14, matchesPlayed: 4, losses: 2} @ http://localhost:8765/js/app.js:629
[    4417ms] [LOG] Team Gaurav/ Palash stats: {roundsWon: 3, roundsLost: 5, draws: 0, losses: 1, matchesPlayed: 1} @ http://localhost:8765/js/app.js:629
[    4417ms] [LOG] Team KorbaGang stats: {points: 24, wins: 8, totalScore: 7460, losses: 11, matchesPlayed: 19} @ http://localhost:8765/js/app.js:629
[    4417ms] [LOG] Team K2-G stats: {matchesPlayed: 1, losses: 0, draws: 0, roundsLost: 2, roundsWon: 6} @ http://localhost:8765/js/app.js:629
[    4417ms] [LOG] Team Sky/K2 stats: {totalScore: 552, wins: 1, points: 3, roundsWon: 5, draws: 0} @ http://localhost:8765/js/app.js:629
[    4816ms] [LOG] Received real-time update for teams: [Object, Object, Object, Object, Object, Object, Object, Object, Object, Object] @ http://localhost:8765/js/app.js:1566
[    4817ms] [LOG] Teams retrieved: [Object, Object, Object, Object, Object, Object, Object, Object, Object, Object] @ http://localhost:8765/js/app.js:603
[    4817ms] [LOG] Team Coke stats: {totalScore: 0, points: 0, wins: 0, draws: 0, roundsLost: 0} @ http://localhost:8765/js/app.js:629
[    4817ms] [LOG] Team Sprite stats: {roundsLost: 0, draws: 0, roundsWon: 0, matchesPlayed: 0, losses: 0} @ http://localhost:8765/js/app.js:629
[    4817ms] [LOG] Team AlphaStark stats: {roundsWon: 0, roundsLost: 0, draws: 0, losses: 0, matchesPlayed: 0} @ http://localhost:8765/js/app.js:629
[    4817ms] [LOG] Team SkySage stats: {totalScore: 0, points: 0, wins: 0, roundsWon: 0, roundsLost: 0} @ http://localhost:8765/js/app.js:629
[    4817ms] [LOG] Team Gaurav/Akash stats: {draws: 0, roundsLost: 0, roundsWon: 0, losses: 0, matchesPlayed: 0} @ http://localhost:8765/js/app.js:629
[    4817ms] [LOG] Team Alegeus stars stats: {draws: 0, roundsLost: 20, roundsWon: 14, matchesPlayed: 4, losses: 2} @ http://localhost:8765/js/app.js:629
[    4817ms] [LOG] Team Gaurav/ Palash stats: {roundsWon: 3, roundsLost: 5, draws: 0, losses: 1, matchesPlayed: 1} @ http://localhost:8765/js/app.js:629
[    4817ms] [LOG] Team KorbaGang stats: {points: 24, wins: 8, totalScore: 7460, losses: 11, matchesPlayed: 19} @ http://localhost:8765/js/app.js:629
[    4817ms] [LOG] Team K2-G stats: {matchesPlayed: 1, losses: 0, draws: 0, roundsLost: 2, roundsWon: 6} @ http://localhost:8765/js/app.js:629
[    4817ms] [LOG] Team Sky/K2 stats: {totalScore: 552, wins: 1, points: 3, roundsWon: 5, draws: 0} @ http://localhost:8765/js/app.js:629
[    5225ms] [LOG] Received real-time update for teams: [Object, Object, Object, Object, Object, Object, Object, Object, Object, Object] @ http://localhost:8765/js/app.js:1566
[    5226ms] [LOG] Teams retrieved: [Object, Object, Object, Object, Object, Object, Object, Object, Object, Object] @ http://localhost:8765/js/app.js:603
[    5226ms] [LOG] Team Coke stats: {totalScore: 0, points: 0, wins: 0, draws: 0, roundsLost: 0} @ http://localhost:8765/js/app.js:629
[    5226ms] [LOG] Team Sprite stats: {roundsLost: 0, draws: 0, roundsWon: 0, matchesPlayed: 0, losses: 0} @ http://localhost:8765/js/app.js:629
[    5226ms] [LOG] Team AlphaStark stats: {roundsWon: 0, roundsLost: 0, draws: 0, losses: 0, matchesPlayed: 0} @ http://localhost:8765/js/app.js:629
[    5226ms] [LOG] Team SkySage stats: {losses: 0, matchesPlayed: 0, draws: 0, roundsLost: 0, roundsWon: 0} @ http://localhost:8765/js/app.js:629
[    5226ms] [LOG] Team Gaurav/Akash stats: {draws: 0, roundsLost: 0, roundsWon: 0, losses: 0, matchesPlayed: 0} @ http://localhost:8765/js/app.js:629
[    5226ms] [LOG] Team Alegeus stars stats: {draws: 0, roundsLost: 0, roundsWon: 0, matchesPlayed: 0, losses: 0} @ http://localhost:8765/js/app.js:629
[    5226ms] [LOG] Team Gaurav/ Palash stats: {roundsWon: 3, roundsLost: 5, draws: 0, losses: 1, matchesPlayed: 1} @ http://localhost:8765/js/app.js:629
[    5226ms] [LOG] Team KorbaGang stats: {points: 24, wins: 8, totalScore: 7460, losses: 11, matchesPlayed: 19} @ http://localhost:8765/js/app.js:629
[    5226ms] [LOG] Team K2-G stats: {matchesPlayed: 1, losses: 0, draws: 0, roundsLost: 2, roundsWon: 6} @ http://localhost:8765/js/app.js:629
[    5226ms] [LOG] Team Sky/K2 stats: {totalScore: 552, wins: 1, points: 3, roundsWon: 5, draws: 0} @ http://localhost:8765/js/app.js:629
[    5620ms] [LOG] Received real-time update for teams: [Object, Object, Object, Object, Object, Object, Object, Object, Object, Object] @ http://localhost:8765/js/app.js:1566
[    5623ms] [LOG] Teams retrieved: [Object, Object, Object, Object, Object, Object, Object, Object, Object, Object] @ http://localhost:8765/js/app.js:603
[    5623ms] [LOG] Team Coke stats: {totalScore: 0, points: 0, wins: 0, draws: 0, roundsLost: 0} @ http://localhost:8765/js/app.js:629
[    5623ms] [LOG] Team Sprite stats: {roundsLost: 0, draws: 0, roundsWon: 0, matchesPlayed: 0, losses: 0} @ http://localhost:8765/js/app.js:629
[    5623ms] [LOG] Team AlphaStark stats: {roundsWon: 0, roundsLost: 0, draws: 0, losses: 0, matchesPlayed: 0} @ http://localhost:8765/js/app.js:629
[    5623ms] [LOG] Team SkySage stats: {losses: 0, matchesPlayed: 0, draws: 0, roundsLost: 0, roundsWon: 0} @ http://localhost:8765/js/app.js:629
[    5623ms] [LOG] Team Gaurav/Akash stats: {matchesPlayed: 0, losses: 0, draws: 0, roundsLost: 0, roundsWon: 0} @ http://localhost:8765/js/app.js:629
[    5623ms] [LOG] Team Alegeus stars stats: {draws: 0, roundsLost: 0, roundsWon: 0, matchesPlayed: 0, losses: 0} @ http://localhost:8765/js/app.js:629
[    5623ms] [LOG] Team Gaurav/ Palash stats: {roundsWon: 0, roundsLost: 0, draws: 0, losses: 0, matchesPlayed: 0} @ http://localhost:8765/js/app.js:629
[    5623ms] [LOG] Team KorbaGang stats: {points: 24, wins: 8, totalScore: 7460, losses: 11, matchesPlayed: 19} @ http://localhost:8765/js/app.js:629
[    5623ms] [LOG] Team K2-G stats: {matchesPlayed: 1, losses: 0, draws: 0, roundsLost: 2, roundsWon: 6} @ http://localhost:8765/js/app.js:629
[    5623ms] [LOG] Team Sky/K2 stats: {totalScore: 552, wins: 1, points: 3, roundsWon: 5, draws: 0} @ http://localhost:8765/js/app.js:629
[    6015ms] [LOG] Received real-time update for teams: [Object, Object, Object, Object, Object, Object, Object, Object, Object, Object] @ http://localhost:8765/js/app.js:1566
[    6016ms] [LOG] Teams retrieved: [Object, Object, Object, Object, Object, Object, Object, Object, Object, Object] @ http://localhost:8765/js/app.js:603
[    6016ms] [LOG] Team Coke stats: {totalScore: 0, points: 0, wins: 0, draws: 0, roundsLost: 0} @ http://localhost:8765/js/app.js:629
[    6016ms] [LOG] Team Sprite stats: {roundsLost: 0, draws: 0, roundsWon: 0, matchesPlayed: 0, losses: 0} @ http://localhost:8765/js/app.js:629
[    6016ms] [LOG] Team AlphaStark stats: {roundsWon: 0, roundsLost: 0, draws: 0, losses: 0, matchesPlayed: 0} @ http://localhost:8765/js/app.js:629
[    6016ms] [LOG] Team SkySage stats: {losses: 0, matchesPlayed: 0, draws: 0, roundsLost: 0, roundsWon: 0} @ http://localhost:8765/js/app.js:629
[    6016ms] [LOG] Team Gaurav/Akash stats: {matchesPlayed: 0, losses: 0, draws: 0, roundsLost: 0, roundsWon: 0} @ http://localhost:8765/js/app.js:629
[    6016ms] [LOG] Team Alegeus stars stats: {totalScore: 0, points: 0, wins: 0, roundsWon: 0, roundsLost: 0} @ http://localhost:8765/js/app.js:629
[    6016ms] [LOG] Team Gaurav/ Palash stats: {roundsWon: 0, roundsLost: 0, draws: 0, losses: 0, matchesPlayed: 0} @ http://localhost:8765/js/app.js:629
[    6016ms] [LOG] Team KorbaGang stats: {points: 0, wins: 0, totalScore: 0, losses: 0, matchesPlayed: 0} @ http://localhost:8765/js/app.js:629
[    6016ms] [LOG] Team K2-G stats: {matchesPlayed: 1, losses: 0, draws: 0, roundsLost: 2, roundsWon: 6} @ http://localhost:8765/js/app.js:629
[    6016ms] [LOG] Team Sky/K2 stats: {totalScore: 552, wins: 1, points: 3, roundsWon: 5, draws: 0} @ http://localhost:8765/js/app.js:629
[    6384ms] [LOG] Received real-time update for teams: [Object, Object, Object, Object, Object, Object, Object, Object, Object, Object] @ http://localhost:8765/js/app.js:1566
[    6385ms] [LOG] Teams retrieved: [Object, Object, Object, Object, Object, Object, Object, Object, Object, Object] @ http://localhost:8765/js/app.js:603
[    6385ms] [LOG] Team Coke stats: {totalScore: 0, points: 0, wins: 0, draws: 0, roundsLost: 0} @ http://localhost:8765/js/app.js:629
[    6385ms] [LOG] Team Sprite stats: {roundsLost: 0, draws: 0, roundsWon: 0, matchesPlayed: 0, losses: 0} @ http://localhost:8765/js/app.js:629
[    6385ms] [LOG] Team AlphaStark stats: {roundsWon: 0, roundsLost: 0, draws: 0, losses: 0, matchesPlayed: 0} @ http://localhost:8765/js/app.js:629
[    6385ms] [LOG] Team SkySage stats: {losses: 0, matchesPlayed: 0, draws: 0, roundsLost: 0, roundsWon: 0} @ http://localhost:8765/js/app.js:629
[    6386ms] [LOG] Team Gaurav/Akash stats: {matchesPlayed: 0, losses: 0, draws: 0, roundsLost: 0, roundsWon: 0} @ http://localhost:8765/js/app.js:629
[    6386ms] [LOG] Team Alegeus stars stats: {totalScore: 0, points: 0, wins: 0, roundsWon: 0, roundsLost: 0} @ http://localhost:8765/js/app.js:629
[    6386ms] [LOG] Team Gaurav/ Palash stats: {roundsLost: 0, draws: 0, roundsWon: 0, losses: 0, matchesPlayed: 0} @ http://localhost:8765/js/app.js:629
[    6386ms] [LOG] Team KorbaGang stats: {points: 0, wins: 0, totalScore: 0, losses: 0, matchesPlayed: 0} @ http://localhost:8765/js/app.js:629
[    6386ms] [LOG] Team K2-G stats: {matchesPlayed: 0, losses: 0, draws: 0, roundsLost: 0, roundsWon: 0} @ http://localhost:8765/js/app.js:629
[    6386ms] [LOG] Team Sky/K2 stats: {totalScore: 552, wins: 1, points: 3, roundsWon: 5, draws: 0} @ http://localhost:8765/js/app.js:629
[    6776ms] [LOG] Received real-time update for teams: [Object, Object, Object, Object, Object, Object, Object, Object, Object, Object] @ http://localhost:8765/js/app.js:1566
[    6778ms] [LOG] Teams retrieved: [Object, Object, Object, Object, Object, Object, Object, Object, Object, Object] @ http://localhost:8765/js/app.js:603
[    6778ms] [LOG] Team Coke stats: {totalScore: 0, points: 0, wins: 0, draws: 0, roundsLost: 0} @ http://localhost:8765/js/app.js:629
[    6778ms] [LOG] Team Sprite stats: {roundsLost: 0, draws: 0, roundsWon: 0, matchesPlayed: 0, losses: 0} @ http://localhost:8765/js/app.js:629
[    6778ms] [LOG] Team AlphaStark stats: {roundsWon: 0, roundsLost: 0, draws: 0, losses: 0, matchesPlayed: 0} @ http://localhost:8765/js/app.js:629
[    6778ms] [LOG] Team SkySage stats: {losses: 0, matchesPlayed: 0, draws: 0, roundsLost: 0, roundsWon: 0} @ http://localhost:8765/js/app.js:629
[    6778ms] [LOG] Team Gaurav/Akash stats: {matchesPlayed: 0, losses: 0, draws: 0, roundsLost: 0, roundsWon: 0} @ http://localhost:8765/js/app.js:629
[    6778ms] [LOG] Team Alegeus stars stats: {totalScore: 0, points: 0, wins: 0, roundsWon: 0, roundsLost: 0} @ http://localhost:8765/js/app.js:629
[    6778ms] [LOG] Team Gaurav/ Palash stats: {roundsLost: 0, draws: 0, roundsWon: 0, losses: 0, matchesPlayed: 0} @ http://localhost:8765/js/app.js:629
[    6778ms] [LOG] Team KorbaGang stats: {draws: 0, roundsLost: 0, roundsWon: 0, losses: 0, matchesPlayed: 0} @ http://localhost:8765/js/app.js:629
[    6778ms] [LOG] Team K2-G stats: {matchesPlayed: 0, losses: 0, draws: 0, roundsLost: 0, roundsWon: 0} @ http://localhost:8765/js/app.js:629
[    6778ms] [LOG] Team Sky/K2 stats: {totalScore: 0, wins: 0, points: 0, roundsWon: 0, draws: 0} @ http://localhost:8765/js/app.js:629
[    7246ms] [LOG] Reset all team statistics @ http://localhost:8765/js/app.js:1532
[    8090ms] [LOG] Received real-time update for teams: [Object, Object, Object, Object, Object, Object, Object, Object, Object, Object] @ http://localhost:8765/js/app.js:1566
[    8092ms] [LOG] Received real-time update for teams: [Object, Object, Object, Object, Object, Object, Object, Object, Object, Object] @ http://localhost:8765/js/app.js:1566
[    8094ms] [LOG] Teams retrieved: [Object, Object, Object, Object, Object, Object, Object, Object, Object, Object] @ http://localhost:8765/js/app.js:603
[    8094ms] [LOG] Team Coke stats: {totalScore: 0, points: 0, wins: 0, draws: 0, roundsLost: 0} @ http://localhost:8765/js/app.js:629
[    8094ms] [LOG] Team Sprite stats: {roundsLost: 0, draws: 0, roundsWon: 0, matchesPlayed: 0, losses: 0} @ http://localhost:8765/js/app.js:629
[    8094ms] [LOG] Team AlphaStark stats: {roundsWon: 0, roundsLost: 0, draws: 0, losses: 0, matchesPlayed: 0} @ http://localhost:8765/js/app.js:629
[    8094ms] [LOG] Team SkySage stats: {losses: 0, matchesPlayed: 0, draws: 0, roundsLost: 0, roundsWon: 0} @ http://localhost:8765/js/app.js:629
[    8094ms] [LOG] Team Gaurav/Akash stats: {matchesPlayed: 0, losses: 0, draws: 0, roundsLost: 0, roundsWon: 0} @ http://localhost:8765/js/app.js:629
[    8094ms] [LOG] Team Alegeus stars stats: {totalScore: -60, points: 0, wins: 0, roundsWon: 2, roundsLost: 6} @ http://localhost:8765/js/app.js:629
[    8094ms] [LOG] Team Gaurav/ Palash stats: {roundsLost: 0, draws: 0, roundsWon: 0, losses: 0, matchesPlayed: 0} @ http://localhost:8765/js/app.js:629
[    8094ms] [LOG] Team KorbaGang stats: {draws: 0, roundsLost: 0, roundsWon: 0, losses: 0, matchesPlayed: 0} @ http://localhost:8765/js/app.js:629
[    8094ms] [LOG] Team K2-G stats: {wins: 1, points: 3, totalScore: 519, losses: 0, matchesPlayed: 1} @ http://localhost:8765/js/app.js:629
[    8094ms] [LOG] Team Sky/K2 stats: {roundsWon: 0, roundsLost: 0, draws: 0, matchesPlayed: 0, losses: 0} @ http://localhost:8765/js/app.js:629
[    8096ms] [LOG] Teams retrieved: [Object, Object, Object, Object, Object, Object, Object, Object, Object, Object] @ http://localhost:8765/js/app.js:603
[    8096ms] [LOG] Team Coke stats: {totalScore: 0, points: 0, wins: 0, draws: 0, roundsLost: 0} @ http://localhost:8765/js/app.js:629
[    8096ms] [LOG] Team Sprite stats: {roundsLost: 0, draws: 0, roundsWon: 0, matchesPlayed: 0, losses: 0} @ http://localhost:8765/js/app.js:629
[    8096ms] [LOG] Team AlphaStark stats: {roundsWon: 0, roundsLost: 0, draws: 0, losses: 0, matchesPlayed: 0} @ http://localhost:8765/js/app.js:629
[    8096ms] [LOG] Team SkySage stats: {losses: 0, matchesPlayed: 0, draws: 0, roundsLost: 0, roundsWon: 0} @ http://localhost:8765/js/app.js:629
[    8096ms] [LOG] Team Gaurav/Akash stats: {matchesPlayed: 0, losses: 0, draws: 0, roundsLost: 0, roundsWon: 0} @ http://localhost:8765/js/app.js:629
[    8096ms] [LOG] Team Alegeus stars stats: {totalScore: -60, points: 0, wins: 0, roundsWon: 2, roundsLost: 6} @ http://localhost:8765/js/app.js:629
[    8096ms] [LOG] Team Gaurav/ Palash stats: {roundsLost: 0, draws: 0, roundsWon: 0, losses: 0, matchesPlayed: 0} @ http://localhost:8765/js/app.js:629
[    8096ms] [LOG] Team KorbaGang stats: {draws: 0, roundsLost: 0, roundsWon: 0, losses: 0, matchesPlayed: 0} @ http://localhost:8765/js/app.js:629
[    8096ms] [LOG] Team K2-G stats: {wins: 1, points: 3, totalScore: 519, losses: 0, matchesPlayed: 1} @ http://localhost:8765/js/app.js:629
[    8096ms] [LOG] Team Sky/K2 stats: {roundsWon: 0, roundsLost: 0, draws: 0, matchesPlayed: 0, losses: 0} @ http://localhost:8765/js/app.js:629
[    8813ms] [LOG] Team statistics updated successfully @ http://localhost:8765/js/services/matchService.js:293
[    9739ms] [LOG] Received real-time update for teams: [Object, Object, Object, Object, Object, Object, Object, Object, Object, Object] @ http://localhost:8765/js/app.js:1566
[    9740ms] [LOG] Received real-time update for teams: [Object, Object, Object, Object, Object, Object, Object, Object, Object, Object] @ http://localhost:8765/js/app.js:1566
[    9741ms] [LOG] Teams retrieved: [Object, Object, Object, Object, Object, Object, Object, Object, Object, Object] @ http://localhost:8765/js/app.js:603
[    9741ms] [LOG] Team Coke stats: {totalScore: 0, points: 0, wins: 0, draws: 0, roundsLost: 0} @ http://localhost:8765/js/app.js:629
[    9741ms] [LOG] Team Sprite stats: {roundsLost: 0, draws: 0, roundsWon: 0, matchesPlayed: 0, losses: 0} @ http://localhost:8765/js/app.js:629
[    9741ms] [LOG] Team AlphaStark stats: {roundsWon: 0, roundsLost: 0, draws: 0, losses: 0, matchesPlayed: 0} @ http://localhost:8765/js/app.js:629
[    9741ms] [LOG] Team SkySage stats: {losses: 0, matchesPlayed: 0, draws: 0, roundsLost: 0, roundsWon: 0} @ http://localhost:8765/js/app.js:629
[    9741ms] [LOG] Team Gaurav/Akash stats: {matchesPlayed: 1, losses: 0, draws: 0, roundsLost: 2, roundsWon: 4} @ http://localhost:8765/js/app.js:629
[    9741ms] [LOG] Team Alegeus stars stats: {roundsLost: 6, draws: 0, roundsWon: 2, matchesPlayed: 1, losses: 1} @ http://localhost:8765/js/app.js:629
[    9741ms] [LOG] Team Gaurav/ Palash stats: {roundsLost: 0, draws: 0, roundsWon: 0, losses: 0, matchesPlayed: 0} @ http://localhost:8765/js/app.js:629
[    9741ms] [LOG] Team KorbaGang stats: {draws: 0, roundsLost: 4, roundsWon: 2, losses: 1, matchesPlayed: 1} @ http://localhost:8765/js/app.js:629
[    9741ms] [LOG] Team K2-G stats: {matchesPlayed: 1, losses: 0, roundsWon: 6, roundsLost: 2, draws: 0} @ http://localhost:8765/js/app.js:629
[    9741ms] [LOG] Team Sky/K2 stats: {roundsWon: 0, roundsLost: 0, draws: 0, matchesPlayed: 0, losses: 0} @ http://localhost:8765/js/app.js:629
[    9742ms] [LOG] Teams retrieved: [Object, Object, Object, Object, Object, Object, Object, Object, Object, Object] @ http://localhost:8765/js/app.js:603
[    9742ms] [LOG] Team Coke stats: {totalScore: 0, points: 0, wins: 0, draws: 0, roundsLost: 0} @ http://localhost:8765/js/app.js:629
[    9742ms] [LOG] Team Sprite stats: {roundsLost: 0, draws: 0, roundsWon: 0, matchesPlayed: 0, losses: 0} @ http://localhost:8765/js/app.js:629
[    9742ms] [LOG] Team AlphaStark stats: {roundsWon: 0, roundsLost: 0, draws: 0, losses: 0, matchesPlayed: 0} @ http://localhost:8765/js/app.js:629
[    9742ms] [LOG] Team SkySage stats: {losses: 0, matchesPlayed: 0, draws: 0, roundsLost: 0, roundsWon: 0} @ http://localhost:8765/js/app.js:629
[    9742ms] [LOG] Team Gaurav/Akash stats: {matchesPlayed: 1, losses: 0, draws: 0, roundsLost: 2, roundsWon: 4} @ http://localhost:8765/js/app.js:629
[    9742ms] [LOG] Team Alegeus stars stats: {roundsLost: 6, draws: 0, roundsWon: 2, matchesPlayed: 1, losses: 1} @ http://localhost:8765/js/app.js:629
[    9743ms] [LOG] Team Gaurav/ Palash stats: {roundsLost: 0, draws: 0, roundsWon: 0, losses: 0, matchesPlayed: 0} @ http://localhost:8765/js/app.js:629
[    9743ms] [LOG] Team KorbaGang stats: {draws: 0, roundsLost: 4, roundsWon: 2, losses: 1, matchesPlayed: 1} @ http://localhost:8765/js/app.js:629
[    9743ms] [LOG] Team K2-G stats: {matchesPlayed: 1, losses: 0, roundsWon: 6, roundsLost: 2, draws: 0} @ http://localhost:8765/js/app.js:629
[    9743ms] [LOG] Team Sky/K2 stats: {roundsWon: 0, roundsLost: 0, draws: 0, matchesPlayed: 0, losses: 0} @ http://localhost:8765/js/app.js:629
[   10482ms] [LOG] Team statistics updated successfully @ http://localhost:8765/js/services/matchService.js:293
[   11431ms] [LOG] Received real-time update for teams: [Object, Object, Object, Object, Object, Object, Object, Object, Object, Object] @ http://localhost:8765/js/app.js:1566
[   11432ms] [LOG] Received real-time update for teams: [Object, Object, Object, Object, Object, Object, Object, Object, Object, Object] @ http://localhost:8765/js/app.js:1566
[   11433ms] [LOG] Teams retrieved: [Object, Object, Object, Object, Object, Object, Object, Object, Object, Object] @ http://localhost:8765/js/app.js:603
[   11434ms] [LOG] Team Coke stats: {totalScore: 0, points: 0, wins: 0, draws: 0, roundsLost: 0} @ http://localhost:8765/js/app.js:629
[   11434ms] [LOG] Team Sprite stats: {roundsLost: 0, draws: 0, roundsWon: 0, matchesPlayed: 0, losses: 0} @ http://localhost:8765/js/app.js:629
[   11434ms] [LOG] Team AlphaStark stats: {roundsWon: 0, roundsLost: 0, draws: 0, losses: 0, matchesPlayed: 0} @ http://localhost:8765/js/app.js:629
[   11434ms] [LOG] Team SkySage stats: {losses: 0, matchesPlayed: 0, draws: 0, roundsLost: 0, roundsWon: 0} @ http://localhost:8765/js/app.js:629
[   11434ms] [LOG] Team Gaurav/Akash stats: {wins: 1, points: 3, totalScore: 906, losses: 1, matchesPlayed: 2} @ http://localhost:8765/js/app.js:629
[   11434ms] [LOG] Team Alegeus stars stats: {roundsLost: 6, draws: 0, roundsWon: 2, matchesPlayed: 1, losses: 1} @ http://localhost:8765/js/app.js:629
[   11434ms] [LOG] Team Gaurav/ Palash stats: {roundsLost: 0, draws: 0, roundsWon: 0, losses: 0, matchesPlayed: 0} @ http://localhost:8765/js/app.js:629
[   11434ms] [LOG] Team KorbaGang stats: {losses: 1, matchesPlayed: 2, roundsWon: 8, roundsLost: 10, draws: 0} @ http://localhost:8765/js/app.js:629
[   11434ms] [LOG] Team K2-G stats: {matchesPlayed: 1, losses: 0, roundsWon: 6, roundsLost: 2, draws: 0} @ http://localhost:8765/js/app.js:629
[   11434ms] [LOG] Team Sky/K2 stats: {roundsWon: 0, roundsLost: 0, draws: 0, matchesPlayed: 0, losses: 0} @ http://localhost:8765/js/app.js:629
[   11435ms] [LOG] Teams retrieved: [Object, Object, Object, Object, Object, Object, Object, Object, Object, Object] @ http://localhost:8765/js/app.js:603
[   11435ms] [LOG] Team Coke stats: {totalScore: 0, points: 0, wins: 0, draws: 0, roundsLost: 0} @ http://localhost:8765/js/app.js:629
[   11435ms] [LOG] Team Sprite stats: {roundsLost: 0, draws: 0, roundsWon: 0, matchesPlayed: 0, losses: 0} @ http://localhost:8765/js/app.js:629
[   11435ms] [LOG] Team AlphaStark stats: {roundsWon: 0, roundsLost: 0, draws: 0, losses: 0, matchesPlayed: 0} @ http://localhost:8765/js/app.js:629
[   11435ms] [LOG] Team SkySage stats: {losses: 0, matchesPlayed: 0, draws: 0, roundsLost: 0, roundsWon: 0} @ http://localhost:8765/js/app.js:629
[   11435ms] [LOG] Team Gaurav/Akash stats: {wins: 1, points: 3, totalScore: 906, losses: 1, matchesPlayed: 2} @ http://localhost:8765/js/app.js:629
[   11436ms] [LOG] Team Alegeus stars stats: {roundsLost: 6, draws: 0, roundsWon: 2, matchesPlayed: 1, losses: 1} @ http://localhost:8765/js/app.js:629
[   11436ms] [LOG] Team Gaurav/ Palash stats: {roundsLost: 0, draws: 0, roundsWon: 0, losses: 0, matchesPlayed: 0} @ http://localhost:8765/js/app.js:629
[   11436ms] [LOG] Team KorbaGang stats: {losses: 1, matchesPlayed: 2, roundsWon: 8, roundsLost: 10, draws: 0} @ http://localhost:8765/js/app.js:629
[   11436ms] [LOG] Team K2-G stats: {matchesPlayed: 1, losses: 0, roundsWon: 6, roundsLost: 2, draws: 0} @ http://localhost:8765/js/app.js:629
[   11436ms] [LOG] Team Sky/K2 stats: {roundsWon: 0, roundsLost: 0, draws: 0, matchesPlayed: 0, losses: 0} @ http://localhost:8765/js/app.js:629
[   12200ms] [LOG] Team statistics updated successfully @ http://localhost:8765/js/services/matchService.js:293
[   13169ms] [LOG] Received real-time update for teams: [Object, Object, Object, Object, Object, Object, Object, Object, Object, Object] @ http://localhost:8765/js/app.js:1566
[   13170ms] [LOG] Received real-time update for teams: [Object, Object, Object, Object, Object, Object, Object, Object, Object, Object] @ http://localhost:8765/js/app.js:1566
[   13171ms] [LOG] Teams retrieved: [Object, Object, Object, Object, Object, Object, Object, Object, Object, Object] @ http://localhost:8765/js/app.js:603
[   13172ms] [LOG] Team Coke stats: {totalScore: 0, points: 0, wins: 0, draws: 0, roundsLost: 0} @ http://localhost:8765/js/app.js:629
[   13172ms] [LOG] Team Sprite stats: {roundsLost: 0, draws: 0, roundsWon: 0, matchesPlayed: 0, losses: 0} @ http://localhost:8765/js/app.js:629
[   13172ms] [LOG] Team AlphaStark stats: {roundsWon: 0, roundsLost: 0, draws: 0, losses: 0, matchesPlayed: 0} @ http://localhost:8765/js/app.js:629
[   13172ms] [LOG] Team SkySage stats: {losses: 0, matchesPlayed: 0, draws: 0, roundsLost: 0, roundsWon: 0} @ http://localhost:8765/js/app.js:629
[   13172ms] [LOG] Team Gaurav/Akash stats: {totalScore: 1285, points: 3, wins: 1, roundsLost: 14, draws: 0} @ http://localhost:8765/js/app.js:629
[   13172ms] [LOG] Team Alegeus stars stats: {roundsLost: 6, draws: 0, roundsWon: 2, matchesPlayed: 1, losses: 1} @ http://localhost:8765/js/app.js:629
[   13172ms] [LOG] Team Gaurav/ Palash stats: {roundsLost: 0, draws: 0, roundsWon: 0, losses: 0, matchesPlayed: 0} @ http://localhost:8765/js/app.js:629
[   13172ms] [LOG] Team KorbaGang stats: {losses: 1, matchesPlayed: 3, roundsWon: 14, roundsLost: 13, draws: 0} @ http://localhost:8765/js/app.js:629
[   13172ms] [LOG] Team K2-G stats: {matchesPlayed: 1, losses: 0, roundsWon: 6, roundsLost: 2, draws: 0} @ http://localhost:8765/js/app.js:629
[   13172ms] [LOG] Team Sky/K2 stats: {roundsWon: 0, roundsLost: 0, draws: 0, matchesPlayed: 0, losses: 0} @ http://localhost:8765/js/app.js:629
[   13177ms] [LOG] Teams retrieved: [Object, Object, Object, Object, Object, Object, Object, Object, Object, Object] @ http://localhost:8765/js/app.js:603
[   13177ms] [LOG] Team Coke stats: {totalScore: 0, points: 0, wins: 0, draws: 0, roundsLost: 0} @ http://localhost:8765/js/app.js:629
[   13177ms] [LOG] Team Sprite stats: {roundsLost: 0, draws: 0, roundsWon: 0, matchesPlayed: 0, losses: 0} @ http://localhost:8765/js/app.js:629
[   13177ms] [LOG] Team AlphaStark stats: {roundsWon: 0, roundsLost: 0, draws: 0, losses: 0, matchesPlayed: 0} @ http://localhost:8765/js/app.js:629
[   13177ms] [LOG] Team SkySage stats: {losses: 0, matchesPlayed: 0, draws: 0, roundsLost: 0, roundsWon: 0} @ http://localhost:8765/js/app.js:629
[   13177ms] [LOG] Team Gaurav/Akash stats: {totalScore: 1285, points: 3, wins: 1, roundsLost: 14, draws: 0} @ http://localhost:8765/js/app.js:629
[   13177ms] [LOG] Team Alegeus stars stats: {roundsLost: 6, draws: 0, roundsWon: 2, matchesPlayed: 1, losses: 1} @ http://localhost:8765/js/app.js:629
[   13177ms] [LOG] Team Gaurav/ Palash stats: {roundsLost: 0, draws: 0, roundsWon: 0, losses: 0, matchesPlayed: 0} @ http://localhost:8765/js/app.js:629
[   13177ms] [LOG] Team KorbaGang stats: {losses: 1, matchesPlayed: 3, roundsWon: 14, roundsLost: 13, draws: 0} @ http://localhost:8765/js/app.js:629
[   13177ms] [LOG] Team K2-G stats: {matchesPlayed: 1, losses: 0, roundsWon: 6, roundsLost: 2, draws: 0} @ http://localhost:8765/js/app.js:629
[   13177ms] [LOG] Team Sky/K2 stats: {roundsWon: 0, roundsLost: 0, draws: 0, matchesPlayed: 0, losses: 0} @ http://localhost:8765/js/app.js:629
[   13924ms] [LOG] Team statistics updated successfully @ http://localhost:8765/js/services/matchService.js:293
[   14866ms] [LOG] Received real-time update for teams: [Object, Object, Object, Object, Object, Object, Object, Object, Object, Object] @ http://localhost:8765/js/app.js:1566
[   14867ms] [LOG] Received real-time update for teams: [Object, Object, Object, Object, Object, Object, Object, Object, Object, Object] @ http://localhost:8765/js/app.js:1566
[   14868ms] [LOG] Teams retrieved: [Object, Object, Object, Object, Object, Object, Object, Object, Object, Object] @ http://localhost:8765/js/app.js:603
[   14868ms] [LOG] Team Coke stats: {totalScore: 0, points: 0, wins: 0, draws: 0, roundsLost: 0} @ http://localhost:8765/js/app.js:629
[   14868ms] [LOG] Team Sprite stats: {roundsLost: 0, draws: 0, roundsWon: 0, matchesPlayed: 0, losses: 0} @ http://localhost:8765/js/app.js:629
[   14868ms] [LOG] Team AlphaStark stats: {roundsWon: 0, roundsLost: 0, draws: 0, losses: 0, matchesPlayed: 0} @ http://localhost:8765/js/app.js:629
[   14868ms] [LOG] Team SkySage stats: {losses: 0, matchesPlayed: 0, draws: 0, roundsLost: 0, roundsWon: 0} @ http://localhost:8765/js/app.js:629
[   14868ms] [LOG] Team Gaurav/Akash stats: {points: 6, wins: 2, totalScore: 1842, losses: 2, matchesPlayed: 4} @ http://localhost:8765/js/app.js:629
[   14868ms] [LOG] Team Alegeus stars stats: {roundsLost: 6, draws: 0, roundsWon: 2, matchesPlayed: 1, losses: 1} @ http://localhost:8765/js/app.js:629
[   14868ms] [LOG] Team Gaurav/ Palash stats: {roundsLost: 0, draws: 0, roundsWon: 0, losses: 0, matchesPlayed: 0} @ http://localhost:8765/js/app.js:629
[   14868ms] [LOG] Team KorbaGang stats: {wins: 2, points: 6, totalScore: 1700, losses: 2, matchesPlayed: 4} @ http://localhost:8765/js/app.js:629
[   14868ms] [LOG] Team K2-G stats: {matchesPlayed: 1, losses: 0, roundsWon: 6, roundsLost: 2, draws: 0} @ http://localhost:8765/js/app.js:629
[   14868ms] [LOG] Team Sky/K2 stats: {roundsWon: 0, roundsLost: 0, draws: 0, matchesPlayed: 0, losses: 0} @ http://localhost:8765/js/app.js:629
[   14870ms] [LOG] Teams retrieved: [Object, Object, Object, Object, Object, Object, Object, Object, Object, Object] @ http://localhost:8765/js/app.js:603
[   14870ms] [LOG] Team Coke stats: {totalScore: 0, points: 0, wins: 0, draws: 0, roundsLost: 0} @ http://localhost:8765/js/app.js:629
[   14870ms] [LOG] Team Sprite stats: {roundsLost: 0, draws: 0, roundsWon: 0, matchesPlayed: 0, losses: 0} @ http://localhost:8765/js/app.js:629
[   14870ms] [LOG] Team AlphaStark stats: {roundsWon: 0, roundsLost: 0, draws: 0, losses: 0, matchesPlayed: 0} @ http://localhost:8765/js/app.js:629
[   14870ms] [LOG] Team SkySage stats: {losses: 0, matchesPlayed: 0, draws: 0, roundsLost: 0, roundsWon: 0} @ http://localhost:8765/js/app.js:629
[   14870ms] [LOG] Team Gaurav/Akash stats: {points: 6, wins: 2, totalScore: 1842, losses: 2, matchesPlayed: 4} @ http://localhost:8765/js/app.js:629
[   14870ms] [LOG] Team Alegeus stars stats: {roundsLost: 6, draws: 0, roundsWon: 2, matchesPlayed: 1, losses: 1} @ http://localhost:8765/js/app.js:629
[   14870ms] [LOG] Team Gaurav/ Palash stats: {roundsLost: 0, draws: 0, roundsWon: 0, losses: 0, matchesPlayed: 0} @ http://localhost:8765/js/app.js:629
[   14870ms] [LOG] Team KorbaGang stats: {wins: 2, points: 6, totalScore: 1700, losses: 2, matchesPlayed: 4} @ http://localhost:8765/js/app.js:629
[   14870ms] [LOG] Team K2-G stats: {matchesPlayed: 1, losses: 0, roundsWon: 6, roundsLost: 2, draws: 0} @ http://localhost:8765/js/app.js:629
[   14870ms] [LOG] Team Sky/K2 stats: {roundsWon: 0, roundsLost: 0, draws: 0, matchesPlayed: 0, losses: 0} @ http://localhost:8765/js/app.js:629
[   15649ms] [LOG] Team statistics updated successfully @ http://localhost:8765/js/services/matchService.js:293
[   15969ms] [VERBOSE] [DOM] Input elements should have autocomplete attributes (suggested: "new-password"): (More info: https://goo.gl/9p2vKq) %o @ http://localhost:8765/index.html:0
[   16589ms] [LOG] Received real-time update for teams: [Object, Object, Object, Object, Object, Object, Object, Object, Object, Object] @ http://localhost:8765/js/app.js:1566
[   16591ms] [LOG] Received real-time update for teams: [Object, Object, Object, Object, Object, Object, Object, Object, Object, Object] @ http://localhost:8765/js/app.js:1566
[   16592ms] [LOG] Teams retrieved: [Object, Object, Object, Object, Object, Object, Object, Object, Object, Object] @ http://localhost:8765/js/app.js:603
[   16592ms] [LOG] Team Coke stats: {totalScore: 0, points: 0, wins: 0, draws: 0, roundsLost: 0} @ http://localhost:8765/js/app.js:629
[   16592ms] [LOG] Team Sprite stats: {roundsLost: 0, draws: 0, roundsWon: 0, matchesPlayed: 0, losses: 0} @ http://localhost:8765/js/app.js:629
[   16592ms] [LOG] Team AlphaStark stats: {roundsWon: 0, roundsLost: 0, draws: 0, losses: 0, matchesPlayed: 0} @ http://localhost:8765/js/app.js:629
[   16592ms] [LOG] Team SkySage stats: {losses: 0, matchesPlayed: 0, draws: 0, roundsLost: 0, roundsWon: 0} @ http://localhost:8765/js/app.js:629
[   16592ms] [LOG] Team Gaurav/Akash stats: {totalScore: 1723, points: 6, wins: 2, draws: 0, roundsLost: 23} @ http://localhost:8765/js/app.js:629
[   16592ms] [LOG] Team Alegeus stars stats: {roundsLost: 6, draws: 0, roundsWon: 2, matchesPlayed: 1, losses: 1} @ http://localhost:8765/js/app.js:629
[   16592ms] [LOG] Team Gaurav/ Palash stats: {roundsLost: 0, draws: 0, roundsWon: 0, losses: 0, matchesPlayed: 0} @ http://localhost:8765/js/app.js:629
[   16592ms] [LOG] Team KorbaGang stats: {totalScore: 2247, points: 9, wins: 3, draws: 0, roundsLost: 21} @ http://localhost:8765/js/app.js:629
[   16592ms] [LOG] Team K2-G stats: {matchesPlayed: 1, losses: 0, roundsWon: 6, roundsLost: 2, draws: 0} @ http://localhost:8765/js/app.js:629
[   16592ms] [LOG] Team Sky/K2 stats: {roundsWon: 0, roundsLost: 0, draws: 0, matchesPlayed: 0, losses: 0} @ http://localhost:8765/js/app.js:629
[   16594ms] [LOG] Teams retrieved: [Object, Object, Object, Object, Object, Object, Object, Object, Object, Object] @ http://localhost:8765/js/app.js:603
[   16594ms] [LOG] Team Coke stats: {totalScore: 0, points: 0, wins: 0, draws: 0, roundsLost: 0} @ http://localhost:8765/js/app.js:629
[   16594ms] [LOG] Team Sprite stats: {roundsLost: 0, draws: 0, roundsWon: 0, matchesPlayed: 0, losses: 0} @ http://localhost:8765/js/app.js:629
[   16594ms] [LOG] Team AlphaStark stats: {roundsWon: 0, roundsLost: 0, draws: 0, losses: 0, matchesPlayed: 0} @ http://localhost:8765/js/app.js:629
[   16594ms] [LOG] Team SkySage stats: {losses: 0, matchesPlayed: 0, draws: 0, roundsLost: 0, roundsWon: 0} @ http://localhost:8765/js/app.js:629
[   16594ms] [LOG] Team Gaurav/Akash stats: {totalScore: 1723, points: 6, wins: 2, draws: 0, roundsLost: 23} @ http://localhost:8765/js/app.js:629
[   16594ms] [LOG] Team Alegeus stars stats: {roundsLost: 6, draws: 0, roundsWon: 2, matchesPlayed: 1, losses: 1} @ http://localhost:8765/js/app.js:629
[   16594ms] [LOG] Team Gaurav/ Palash stats: {roundsLost: 0, draws: 0, roundsWon: 0, losses: 0, matchesPlayed: 0} @ http://localhost:8765/js/app.js:629
[   16594ms] [LOG] Team KorbaGang stats: {totalScore: 2247, points: 9, wins: 3, draws: 0, roundsLost: 21} @ http://localhost:8765/js/app.js:629
[   16594ms] [LOG] Team K2-G stats: {matchesPlayed: 1, losses: 0, roundsWon: 6, roundsLost: 2, draws: 0} @ http://localhost:8765/js/app.js:629
[   16594ms] [LOG] Team Sky/K2 stats: {roundsWon: 0, roundsLost: 0, draws: 0, matchesPlayed: 0, losses: 0} @ http://localhost:8765/js/app.js:629
[   17322ms] [LOG] Team statistics updated successfully @ http://localhost:8765/js/services/matchService.js:293
[   18154ms] [LOG] Received real-time update for teams: [Object, Object, Object, Object, Object, Object, Object, Object, Object, Object] @ http://localhost:8765/js/app.js:1566
[   18155ms] [LOG] Received real-time update for teams: [Object, Object, Object, Object, Object, Object, Object, Object, Object, Object] @ http://localhost:8765/js/app.js:1566
[   18157ms] [LOG] Teams retrieved: [Object, Object, Object, Object, Object, Object, Object, Object, Object, Object] @ http://localhost:8765/js/app.js:603
[   18158ms] [LOG] Team Coke stats: {totalScore: 0, points: 0, wins: 0, draws: 0, roundsLost: 0} @ http://localhost:8765/js/app.js:629
[   18158ms] [LOG] Team Sprite stats: {roundsLost: 0, draws: 0, roundsWon: 0, matchesPlayed: 0, losses: 0} @ http://localhost:8765/js/app.js:629
[   18158ms] [LOG] Team AlphaStark stats: {roundsWon: 0, roundsLost: 0, draws: 0, losses: 0, matchesPlayed: 0} @ http://localhost:8765/js/app.js:629
[   18158ms] [LOG] Team SkySage stats: {losses: 0, matchesPlayed: 0, draws: 0, roundsLost: 0, roundsWon: 0} @ http://localhost:8765/js/app.js:629
[   18158ms] [LOG] Team Gaurav/Akash stats: {losses: 3, matchesPlayed: 5, roundsLost: 23, draws: 0, roundsWon: 21} @ http://localhost:8765/js/app.js:629
[   18158ms] [LOG] Team Alegeus stars stats: {roundsLost: 6, draws: 0, roundsWon: 2, matchesPlayed: 1, losses: 1} @ http://localhost:8765/js/app.js:629
[   18158ms] [LOG] Team Gaurav/ Palash stats: {roundsLost: 5, draws: 0, roundsWon: 3, losses: 1, matchesPlayed: 1} @ http://localhost:8765/js/app.js:629
[   18158ms] [LOG] Team KorbaGang stats: {wins: 3, points: 9, totalScore: 2247, matchesPlayed: 5, losses: 2} @ http://localhost:8765/js/app.js:629
[   18158ms] [LOG] Team K2-G stats: {matchesPlayed: 1, losses: 0, roundsWon: 6, roundsLost: 2, draws: 0} @ http://localhost:8765/js/app.js:629
[   18158ms] [LOG] Team Sky/K2 stats: {roundsWon: 5, roundsLost: 3, draws: 0, matchesPlayed: 1, losses: 0} @ http://localhost:8765/js/app.js:629
[   18163ms] [LOG] Teams retrieved: [Object, Object, Object, Object, Object, Object, Object, Object, Object, Object] @ http://localhost:8765/js/app.js:603
[   18163ms] [LOG] Team Coke stats: {totalScore: 0, points: 0, wins: 0, draws: 0, roundsLost: 0} @ http://localhost:8765/js/app.js:629
[   18164ms] [LOG] Team Sprite stats: {roundsLost: 0, draws: 0, roundsWon: 0, matchesPlayed: 0, losses: 0} @ http://localhost:8765/js/app.js:629
[   18164ms] [LOG] Team AlphaStark stats: {roundsWon: 0, roundsLost: 0, draws: 0, losses: 0, matchesPlayed: 0} @ http://localhost:8765/js/app.js:629
[   18164ms] [LOG] Team SkySage stats: {losses: 0, matchesPlayed: 0, draws: 0, roundsLost: 0, roundsWon: 0} @ http://localhost:8765/js/app.js:629
[   18164ms] [LOG] Team Gaurav/Akash stats: {losses: 3, matchesPlayed: 5, roundsLost: 23, draws: 0, roundsWon: 21} @ http://localhost:8765/js/app.js:629
[   18164ms] [LOG] Team Alegeus stars stats: {roundsLost: 6, draws: 0, roundsWon: 2, matchesPlayed: 1, losses: 1} @ http://localhost:8765/js/app.js:629
[   18164ms] [LOG] Team Gaurav/ Palash stats: {roundsLost: 5, draws: 0, roundsWon: 3, losses: 1, matchesPlayed: 1} @ http://localhost:8765/js/app.js:629
[   18164ms] [LOG] Team KorbaGang stats: {wins: 3, points: 9, totalScore: 2247, matchesPlayed: 5, losses: 2} @ http://localhost:8765/js/app.js:629
[   18164ms] [LOG] Team K2-G stats: {matchesPlayed: 1, losses: 0, roundsWon: 6, roundsLost: 2, draws: 0} @ http://localhost:8765/js/app.js:629
[   18164ms] [LOG] Team Sky/K2 stats: {roundsWon: 5, roundsLost: 3, draws: 0, matchesPlayed: 1, losses: 0} @ http://localhost:8765/js/app.js:629
[   18959ms] [LOG] Team statistics updated successfully @ http://localhost:8765/js/services/matchService.js:293
[   19849ms] [LOG] Received real-time update for teams: [Object, Object, Object, Object, Object, Object, Object, Object, Object, Object] @ http://localhost:8765/js/app.js:1566
[   19851ms] [LOG] Received real-time update for teams: [Object, Object, Object, Object, Object, Object, Object, Object, Object, Object] @ http://localhost:8765/js/app.js:1566
[   19852ms] [LOG] Teams retrieved: [Object, Object, Object, Object, Object, Object, Object, Object, Object, Object] @ http://localhost:8765/js/app.js:603
[   19852ms] [LOG] Team Coke stats: {totalScore: 0, points: 0, wins: 0, draws: 0, roundsLost: 0} @ http://localhost:8765/js/app.js:629
[   19852ms] [LOG] Team Sprite stats: {roundsLost: 0, draws: 0, roundsWon: 0, matchesPlayed: 0, losses: 0} @ http://localhost:8765/js/app.js:629
[   19852ms] [LOG] Team AlphaStark stats: {roundsWon: 0, roundsLost: 0, draws: 0, losses: 0, matchesPlayed: 0} @ http://localhost:8765/js/app.js:629
[   19852ms] [LOG] Team SkySage stats: {losses: 0, matchesPlayed: 0, draws: 0, roundsLost: 0, roundsWon: 0} @ http://localhost:8765/js/app.js:629
[   19852ms] [LOG] Team Gaurav/Akash stats: {losses: 3, matchesPlayed: 6, roundsLost: 26, draws: 0, roundsWon: 26} @ http://localhost:8765/js/app.js:629
[   19852ms] [LOG] Team Alegeus stars stats: {roundsLost: 6, draws: 0, roundsWon: 2, matchesPlayed: 1, losses: 1} @ http://localhost:8765/js/app.js:629
[   19852ms] [LOG] Team Gaurav/ Palash stats: {points: 0, wins: 0, totalScore: 36, matchesPlayed: 1, losses: 1} @ http://localhost:8765/js/app.js:629
[   19852ms] [LOG] Team KorbaGang stats: {wins: 3, points: 9, totalScore: 2314, matchesPlayed: 6, losses: 3} @ http://localhost:8765/js/app.js:629
[   19852ms] [LOG] Team K2-G stats: {matchesPlayed: 1, losses: 0, roundsWon: 6, roundsLost: 2, draws: 0} @ http://localhost:8765/js/app.js:629
[   19852ms] [LOG] Team Sky/K2 stats: {points: 3, wins: 1, totalScore: 552, matchesPlayed: 1, losses: 0} @ http://localhost:8765/js/app.js:629
[   19854ms] [LOG] Teams retrieved: [Object, Object, Object, Object, Object, Object, Object, Object, Object, Object] @ http://localhost:8765/js/app.js:603
[   19854ms] [LOG] Team Coke stats: {totalScore: 0, points: 0, wins: 0, draws: 0, roundsLost: 0} @ http://localhost:8765/js/app.js:629
[   19854ms] [LOG] Team Sprite stats: {roundsLost: 0, draws: 0, roundsWon: 0, matchesPlayed: 0, losses: 0} @ http://localhost:8765/js/app.js:629
[   19854ms] [LOG] Team AlphaStark stats: {roundsWon: 0, roundsLost: 0, draws: 0, losses: 0, matchesPlayed: 0} @ http://localhost:8765/js/app.js:629
[   19854ms] [LOG] Team SkySage stats: {losses: 0, matchesPlayed: 0, draws: 0, roundsLost: 0, roundsWon: 0} @ http://localhost:8765/js/app.js:629
[   19854ms] [LOG] Team Gaurav/Akash stats: {losses: 3, matchesPlayed: 6, roundsLost: 26, draws: 0, roundsWon: 26} @ http://localhost:8765/js/app.js:629
[   19854ms] [LOG] Team Alegeus stars stats: {roundsLost: 6, draws: 0, roundsWon: 2, matchesPlayed: 1, losses: 1} @ http://localhost:8765/js/app.js:629
[   19854ms] [LOG] Team Gaurav/ Palash stats: {points: 0, wins: 0, totalScore: 36, matchesPlayed: 1, losses: 1} @ http://localhost:8765/js/app.js:629
[   19854ms] [LOG] Team KorbaGang stats: {wins: 3, points: 9, totalScore: 2314, matchesPlayed: 6, losses: 3} @ http://localhost:8765/js/app.js:629
[   19854ms] [LOG] Team K2-G stats: {matchesPlayed: 1, losses: 0, roundsWon: 6, roundsLost: 2, draws: 0} @ http://localhost:8765/js/app.js:629
[   19854ms] [LOG] Team Sky/K2 stats: {points: 3, wins: 1, totalScore: 552, matchesPlayed: 1, losses: 0} @ http://localhost:8765/js/app.js:629
[   20592ms] [LOG] Team statistics updated successfully @ http://localhost:8765/js/services/matchService.js:293
[   21487ms] [LOG] Received real-time update for teams: [Object, Object, Object, Object, Object, Object, Object, Object, Object, Object] @ http://localhost:8765/js/app.js:1566
[   21489ms] [LOG] Received real-time update for teams: [Object, Object, Object, Object, Object, Object, Object, Object, Object, Object] @ http://localhost:8765/js/app.js:1566
[   21490ms] [LOG] Teams retrieved: [Object, Object, Object, Object, Object, Object, Object, Object, Object, Object] @ http://localhost:8765/js/app.js:603
[   21490ms] [LOG] Team Coke stats: {totalScore: 0, points: 0, wins: 0, draws: 0, roundsLost: 0} @ http://localhost:8765/js/app.js:629
[   21490ms] [LOG] Team Sprite stats: {roundsLost: 0, draws: 0, roundsWon: 0, matchesPlayed: 0, losses: 0} @ http://localhost:8765/js/app.js:629
[   21490ms] [LOG] Team AlphaStark stats: {roundsWon: 0, roundsLost: 0, draws: 0, losses: 0, matchesPlayed: 0} @ http://localhost:8765/js/app.js:629
[   21490ms] [LOG] Team SkySage stats: {losses: 0, matchesPlayed: 0, draws: 0, roundsLost: 0, roundsWon: 0} @ http://localhost:8765/js/app.js:629
[   21490ms] [LOG] Team Gaurav/Akash stats: {roundsWon: 28, roundsLost: 32, draws: 0, matchesPlayed: 7, losses: 4} @ http://localhost:8765/js/app.js:629
[   21490ms] [LOG] Team Alegeus stars stats: {roundsLost: 6, draws: 0, roundsWon: 2, matchesPlayed: 1, losses: 1} @ http://localhost:8765/js/app.js:629
[   21490ms] [LOG] Team Gaurav/ Palash stats: {points: 0, wins: 0, totalScore: 36, matchesPlayed: 1, losses: 1} @ http://localhost:8765/js/app.js:629
[   21490ms] [LOG] Team KorbaGang stats: {roundsLost: 28, draws: 0, roundsWon: 32, matchesPlayed: 7, losses: 3} @ http://localhost:8765/js/app.js:629
[   21490ms] [LOG] Team K2-G stats: {matchesPlayed: 1, losses: 0, roundsWon: 6, roundsLost: 2, draws: 0} @ http://localhost:8765/js/app.js:629
[   21490ms] [LOG] Team Sky/K2 stats: {points: 3, wins: 1, totalScore: 552, matchesPlayed: 1, losses: 0} @ http://localhost:8765/js/app.js:629
[   21492ms] [LOG] Teams retrieved: [Object, Object, Object, Object, Object, Object, Object, Object, Object, Object] @ http://localhost:8765/js/app.js:603
[   21492ms] [LOG] Team Coke stats: {totalScore: 0, points: 0, wins: 0, draws: 0, roundsLost: 0} @ http://localhost:8765/js/app.js:629
[   21492ms] [LOG] Team Sprite stats: {roundsLost: 0, draws: 0, roundsWon: 0, matchesPlayed: 0, losses: 0} @ http://localhost:8765/js/app.js:629
[   21492ms] [LOG] Team AlphaStark stats: {roundsWon: 0, roundsLost: 0, draws: 0, losses: 0, matchesPlayed: 0} @ http://localhost:8765/js/app.js:629
[   21492ms] [LOG] Team SkySage stats: {losses: 0, matchesPlayed: 0, draws: 0, roundsLost: 0, roundsWon: 0} @ http://localhost:8765/js/app.js:629
[   21492ms] [LOG] Team Gaurav/Akash stats: {roundsWon: 28, roundsLost: 32, draws: 0, matchesPlayed: 7, losses: 4} @ http://localhost:8765/js/app.js:629
[   21492ms] [LOG] Team Alegeus stars stats: {roundsLost: 6, draws: 0, roundsWon: 2, matchesPlayed: 1, losses: 1} @ http://localhost:8765/js/app.js:629
[   21492ms] [LOG] Team Gaurav/ Palash stats: {points: 0, wins: 0, totalScore: 36, matchesPlayed: 1, losses: 1} @ http://localhost:8765/js/app.js:629
[   21492ms] [LOG] Team KorbaGang stats: {roundsLost: 28, draws: 0, roundsWon: 32, matchesPlayed: 7, losses: 3} @ http://localhost:8765/js/app.js:629
[   21492ms] [LOG] Team K2-G stats: {matchesPlayed: 1, losses: 0, roundsWon: 6, roundsLost: 2, draws: 0} @ http://localhost:8765/js/app.js:629
[   21492ms] [LOG] Team Sky/K2 stats: {points: 3, wins: 1, totalScore: 552, matchesPlayed: 1, losses: 0} @ http://localhost:8765/js/app.js:629
[   22220ms] [LOG] Team statistics updated successfully @ http://localhost:8765/js/services/matchService.js:293
[   23198ms] [LOG] Received real-time update for teams: [Object, Object, Object, Object, Object, Object, Object, Object, Object, Object] @ http://localhost:8765/js/app.js:1566
[   23199ms] [LOG] Received real-time update for teams: [Object, Object, Object, Object, Object, Object, Object, Object, Object, Object] @ http://localhost:8765/js/app.js:1566
[   23200ms] [LOG] Teams retrieved: [Object, Object, Object, Object, Object, Object, Object, Object, Object, Object] @ http://localhost:8765/js/app.js:603
[   23200ms] [LOG] Team Coke stats: {totalScore: 0, points: 0, wins: 0, draws: 0, roundsLost: 0} @ http://localhost:8765/js/app.js:629
[   23200ms] [LOG] Team Sprite stats: {roundsLost: 0, draws: 0, roundsWon: 0, matchesPlayed: 0, losses: 0} @ http://localhost:8765/js/app.js:629
[   23200ms] [LOG] Team AlphaStark stats: {roundsWon: 0, roundsLost: 0, draws: 0, losses: 0, matchesPlayed: 0} @ http://localhost:8765/js/app.js:629
[   23200ms] [LOG] Team SkySage stats: {losses: 0, matchesPlayed: 0, draws: 0, roundsLost: 0, roundsWon: 0} @ http://localhost:8765/js/app.js:629
[   23200ms] [LOG] Team Gaurav/Akash stats: {points: 9, wins: 3, totalScore: 2611, matchesPlayed: 8, losses: 5} @ http://localhost:8765/js/app.js:629
[   23200ms] [LOG] Team Alegeus stars stats: {roundsLost: 6, draws: 0, roundsWon: 2, matchesPlayed: 1, losses: 1} @ http://localhost:8765/js/app.js:629
[   23200ms] [LOG] Team Gaurav/ Palash stats: {points: 0, wins: 0, totalScore: 36, matchesPlayed: 1, losses: 1} @ http://localhost:8765/js/app.js:629
[   23200ms] [LOG] Team KorbaGang stats: {points: 15, wins: 5, totalScore: 3363, matchesPlayed: 8, losses: 3} @ http://localhost:8765/js/app.js:629
[   23200ms] [LOG] Team K2-G stats: {matchesPlayed: 1, losses: 0, roundsWon: 6, roundsLost: 2, draws: 0} @ http://localhost:8765/js/app.js:629
[   23200ms] [LOG] Team Sky/K2 stats: {points: 3, wins: 1, totalScore: 552, matchesPlayed: 1, losses: 0} @ http://localhost:8765/js/app.js:629
[   23202ms] [LOG] Teams retrieved: [Object, Object, Object, Object, Object, Object, Object, Object, Object, Object] @ http://localhost:8765/js/app.js:603
[   23202ms] [LOG] Team Coke stats: {totalScore: 0, points: 0, wins: 0, draws: 0, roundsLost: 0} @ http://localhost:8765/js/app.js:629
[   23202ms] [LOG] Team Sprite stats: {roundsLost: 0, draws: 0, roundsWon: 0, matchesPlayed: 0, losses: 0} @ http://localhost:8765/js/app.js:629
[   23202ms] [LOG] Team AlphaStark stats: {roundsWon: 0, roundsLost: 0, draws: 0, losses: 0, matchesPlayed: 0} @ http://localhost:8765/js/app.js:629
[   23202ms] [LOG] Team SkySage stats: {losses: 0, matchesPlayed: 0, draws: 0, roundsLost: 0, roundsWon: 0} @ http://localhost:8765/js/app.js:629
[   23202ms] [LOG] Team Gaurav/Akash stats: {points: 9, wins: 3, totalScore: 2611, matchesPlayed: 8, losses: 5} @ http://localhost:8765/js/app.js:629
[   23202ms] [LOG] Team Alegeus stars stats: {roundsLost: 6, draws: 0, roundsWon: 2, matchesPlayed: 1, losses: 1} @ http://localhost:8765/js/app.js:629
[   23202ms] [LOG] Team Gaurav/ Palash stats: {points: 0, wins: 0, totalScore: 36, matchesPlayed: 1, losses: 1} @ http://localhost:8765/js/app.js:629
[   23202ms] [LOG] Team KorbaGang stats: {points: 15, wins: 5, totalScore: 3363, matchesPlayed: 8, losses: 3} @ http://localhost:8765/js/app.js:629
[   23202ms] [LOG] Team K2-G stats: {matchesPlayed: 1, losses: 0, roundsWon: 6, roundsLost: 2, draws: 0} @ http://localhost:8765/js/app.js:629
[   23202ms] [LOG] Team Sky/K2 stats: {points: 3, wins: 1, totalScore: 552, matchesPlayed: 1, losses: 0} @ http://localhost:8765/js/app.js:629
[   23959ms] [LOG] Team statistics updated successfully @ http://localhost:8765/js/services/matchService.js:293
[   24861ms] [LOG] Received real-time update for teams: [Object, Object, Object, Object, Object, Object, Object, Object, Object, Object] @ http://localhost:8765/js/app.js:1566
[   24862ms] [LOG] Received real-time update for teams: [Object, Object, Object, Object, Object, Object, Object, Object, Object, Object] @ http://localhost:8765/js/app.js:1566
[   24863ms] [LOG] Teams retrieved: [Object, Object, Object, Object, Object, Object, Object, Object, Object, Object] @ http://localhost:8765/js/app.js:603
[   24863ms] [LOG] Team Coke stats: {totalScore: 0, points: 0, wins: 0, draws: 0, roundsLost: 0} @ http://localhost:8765/js/app.js:629
[   24863ms] [LOG] Team Sprite stats: {roundsLost: 0, draws: 0, roundsWon: 0, matchesPlayed: 0, losses: 0} @ http://localhost:8765/js/app.js:629
[   24863ms] [LOG] Team AlphaStark stats: {roundsWon: 0, roundsLost: 0, draws: 0, losses: 0, matchesPlayed: 0} @ http://localhost:8765/js/app.js:629
[   24864ms] [LOG] Team SkySage stats: {losses: 0, matchesPlayed: 0, draws: 0, roundsLost: 0, roundsWon: 0} @ http://localhost:8765/js/app.js:629
[   24864ms] [LOG] Team Gaurav/Akash stats: {points: 12, wins: 4, totalScore: 3115, matchesPlayed: 9, losses: 5} @ http://localhost:8765/js/app.js:629
[   24864ms] [LOG] Team Alegeus stars stats: {roundsLost: 6, draws: 0, roundsWon: 2, matchesPlayed: 1, losses: 1} @ http://localhost:8765/js/app.js:629
[   24864ms] [LOG] Team Gaurav/ Palash stats: {points: 0, wins: 0, totalScore: 36, matchesPlayed: 1, losses: 1} @ http://localhost:8765/js/app.js:629
[   24864ms] [LOG] Team KorbaGang stats: {totalScore: 3524, wins: 5, points: 15, roundsWon: 44, roundsLost: 36} @ http://localhost:8765/js/app.js:629
[   24864ms] [LOG] Team K2-G stats: {matchesPlayed: 1, losses: 0, roundsWon: 6, roundsLost: 2, draws: 0} @ http://localhost:8765/js/app.js:629
[   24864ms] [LOG] Team Sky/K2 stats: {points: 3, wins: 1, totalScore: 552, matchesPlayed: 1, losses: 0} @ http://localhost:8765/js/app.js:629
[   24868ms] [LOG] Teams retrieved: [Object, Object, Object, Object, Object, Object, Object, Object, Object, Object] @ http://localhost:8765/js/app.js:603
[   24868ms] [LOG] Team Coke stats: {totalScore: 0, points: 0, wins: 0, draws: 0, roundsLost: 0} @ http://localhost:8765/js/app.js:629
[   24868ms] [LOG] Team Sprite stats: {roundsLost: 0, draws: 0, roundsWon: 0, matchesPlayed: 0, losses: 0} @ http://localhost:8765/js/app.js:629
[   24868ms] [LOG] Team AlphaStark stats: {roundsWon: 0, roundsLost: 0, draws: 0, losses: 0, matchesPlayed: 0} @ http://localhost:8765/js/app.js:629
[   24868ms] [LOG] Team SkySage stats: {losses: 0, matchesPlayed: 0, draws: 0, roundsLost: 0, roundsWon: 0} @ http://localhost:8765/js/app.js:629
[   24868ms] [LOG] Team Gaurav/Akash stats: {points: 12, wins: 4, totalScore: 3115, matchesPlayed: 9, losses: 5} @ http://localhost:8765/js/app.js:629
[   24869ms] [LOG] Team Alegeus stars stats: {roundsLost: 6, draws: 0, roundsWon: 2, matchesPlayed: 1, losses: 1} @ http://localhost:8765/js/app.js:629
[   24869ms] [LOG] Team Gaurav/ Palash stats: {points: 0, wins: 0, totalScore: 36, matchesPlayed: 1, losses: 1} @ http://localhost:8765/js/app.js:629
[   24869ms] [LOG] Team KorbaGang stats: {totalScore: 3524, wins: 5, points: 15, roundsWon: 44, roundsLost: 36} @ http://localhost:8765/js/app.js:629
[   24869ms] [LOG] Team K2-G stats: {matchesPlayed: 1, losses: 0, roundsWon: 6, roundsLost: 2, draws: 0} @ http://localhost:8765/js/app.js:629
[   24869ms] [LOG] Team Sky/K2 stats: {points: 3, wins: 1, totalScore: 552, matchesPlayed: 1, losses: 0} @ http://localhost:8765/js/app.js:629
[   25598ms] [LOG] Team statistics updated successfully @ http://localhost:8765/js/services/matchService.js:293
[   26500ms] [LOG] Received real-time update for teams: [Object, Object, Object, Object, Object, Object, Object, Object, Object, Object] @ http://localhost:8765/js/app.js:1566
[   26501ms] [LOG] Received real-time update for teams: [Object, Object, Object, Object, Object, Object, Object, Object, Object, Object] @ http://localhost:8765/js/app.js:1566
[   26502ms] [LOG] Teams retrieved: [Object, Object, Object, Object, Object, Object, Object, Object, Object, Object] @ http://localhost:8765/js/app.js:603
[   26502ms] [LOG] Team Coke stats: {totalScore: 0, points: 0, wins: 0, draws: 0, roundsLost: 0} @ http://localhost:8765/js/app.js:629
[   26502ms] [LOG] Team Sprite stats: {roundsLost: 0, draws: 0, roundsWon: 0, matchesPlayed: 0, losses: 0} @ http://localhost:8765/js/app.js:629
[   26503ms] [LOG] Team AlphaStark stats: {roundsWon: 0, roundsLost: 0, draws: 0, losses: 0, matchesPlayed: 0} @ http://localhost:8765/js/app.js:629
[   26503ms] [LOG] Team SkySage stats: {losses: 0, matchesPlayed: 0, draws: 0, roundsLost: 0, roundsWon: 0} @ http://localhost:8765/js/app.js:629
[   26503ms] [LOG] Team Gaurav/Akash stats: {losses: 5, matchesPlayed: 10, roundsWon: 43, draws: 0, roundsLost: 51} @ http://localhost:8765/js/app.js:629
[   26503ms] [LOG] Team Alegeus stars stats: {roundsLost: 6, draws: 0, roundsWon: 2, matchesPlayed: 1, losses: 1} @ http://localhost:8765/js/app.js:629
[   26503ms] [LOG] Team Gaurav/ Palash stats: {points: 0, wins: 0, totalScore: 36, matchesPlayed: 1, losses: 1} @ http://localhost:8765/js/app.js:629
[   26503ms] [LOG] Team KorbaGang stats: {roundsLost: 43, draws: 0, roundsWon: 51, losses: 5, matchesPlayed: 10} @ http://localhost:8765/js/app.js:629
[   26503ms] [LOG] Team K2-G stats: {matchesPlayed: 1, losses: 0, roundsWon: 6, roundsLost: 2, draws: 0} @ http://localhost:8765/js/app.js:629
[   26503ms] [LOG] Team Sky/K2 stats: {points: 3, wins: 1, totalScore: 552, matchesPlayed: 1, losses: 0} @ http://localhost:8765/js/app.js:629
[   26504ms] [LOG] Teams retrieved: [Object, Object, Object, Object, Object, Object, Object, Object, Object, Object] @ http://localhost:8765/js/app.js:603
[   26504ms] [LOG] Team Coke stats: {totalScore: 0, points: 0, wins: 0, draws: 0, roundsLost: 0} @ http://localhost:8765/js/app.js:629
[   26504ms] [LOG] Team Sprite stats: {roundsLost: 0, draws: 0, roundsWon: 0, matchesPlayed: 0, losses: 0} @ http://localhost:8765/js/app.js:629
[   26504ms] [LOG] Team AlphaStark stats: {roundsWon: 0, roundsLost: 0, draws: 0, losses: 0, matchesPlayed: 0} @ http://localhost:8765/js/app.js:629
[   26504ms] [LOG] Team SkySage stats: {losses: 0, matchesPlayed: 0, draws: 0, roundsLost: 0, roundsWon: 0} @ http://localhost:8765/js/app.js:629
[   26504ms] [LOG] Team Gaurav/Akash stats: {losses: 5, matchesPlayed: 10, roundsWon: 43, draws: 0, roundsLost: 51} @ http://localhost:8765/js/app.js:629
[   26504ms] [LOG] Team Alegeus stars stats: {roundsLost: 6, draws: 0, roundsWon: 2, matchesPlayed: 1, losses: 1} @ http://localhost:8765/js/app.js:629
[   26504ms] [LOG] Team Gaurav/ Palash stats: {points: 0, wins: 0, totalScore: 36, matchesPlayed: 1, losses: 1} @ http://localhost:8765/js/app.js:629
[   26504ms] [LOG] Team KorbaGang stats: {roundsLost: 43, draws: 0, roundsWon: 51, losses: 5, matchesPlayed: 10} @ http://localhost:8765/js/app.js:629
[   26504ms] [LOG] Team K2-G stats: {matchesPlayed: 1, losses: 0, roundsWon: 6, roundsLost: 2, draws: 0} @ http://localhost:8765/js/app.js:629
[   26504ms] [LOG] Team Sky/K2 stats: {points: 3, wins: 1, totalScore: 552, matchesPlayed: 1, losses: 0} @ http://localhost:8765/js/app.js:629
[   27243ms] [LOG] Team statistics updated successfully @ http://localhost:8765/js/services/matchService.js:293
[   28127ms] [LOG] Received real-time update for teams: [Object, Object, Object, Object, Object, Object, Object, Object, Object, Object] @ http://localhost:8765/js/app.js:1566
[   28129ms] [LOG] Received real-time update for teams: [Object, Object, Object, Object, Object, Object, Object, Object, Object, Object] @ http://localhost:8765/js/app.js:1566
[   28131ms] [LOG] Teams retrieved: [Object, Object, Object, Object, Object, Object, Object, Object, Object, Object] @ http://localhost:8765/js/app.js:603
[   28131ms] [LOG] Team Coke stats: {totalScore: 0, points: 0, wins: 0, draws: 0, roundsLost: 0} @ http://localhost:8765/js/app.js:629
[   28131ms] [LOG] Team Sprite stats: {roundsLost: 0, draws: 0, roundsWon: 0, matchesPlayed: 0, losses: 0} @ http://localhost:8765/js/app.js:629
[   28131ms] [LOG] Team AlphaStark stats: {roundsWon: 0, roundsLost: 0, draws: 0, losses: 0, matchesPlayed: 0} @ http://localhost:8765/js/app.js:629
[   28131ms] [LOG] Team SkySage stats: {losses: 0, matchesPlayed: 0, draws: 0, roundsLost: 0, roundsWon: 0} @ http://localhost:8765/js/app.js:629
[   28131ms] [LOG] Team Gaurav/Akash stats: {draws: 0, roundsLost: 55, roundsWon: 48, losses: 5, matchesPlayed: 11} @ http://localhost:8765/js/app.js:629
[   28131ms] [LOG] Team Alegeus stars stats: {roundsLost: 6, draws: 0, roundsWon: 2, matchesPlayed: 1, losses: 1} @ http://localhost:8765/js/app.js:629
[   28131ms] [LOG] Team Gaurav/ Palash stats: {points: 0, wins: 0, totalScore: 36, matchesPlayed: 1, losses: 1} @ http://localhost:8765/js/app.js:629
[   28131ms] [LOG] Team KorbaGang stats: {wins: 5, points: 15, totalScore: 4121, matchesPlayed: 11, losses: 6} @ http://localhost:8765/js/app.js:629
[   28131ms] [LOG] Team K2-G stats: {matchesPlayed: 1, losses: 0, roundsWon: 6, roundsLost: 2, draws: 0} @ http://localhost:8765/js/app.js:629
[   28131ms] [LOG] Team Sky/K2 stats: {points: 3, wins: 1, totalScore: 552, matchesPlayed: 1, losses: 0} @ http://localhost:8765/js/app.js:629
[   28133ms] [LOG] Teams retrieved: [Object, Object, Object, Object, Object, Object, Object, Object, Object, Object] @ http://localhost:8765/js/app.js:603
[   28133ms] [LOG] Team Coke stats: {totalScore: 0, points: 0, wins: 0, draws: 0, roundsLost: 0} @ http://localhost:8765/js/app.js:629
[   28133ms] [LOG] Team Sprite stats: {roundsLost: 0, draws: 0, roundsWon: 0, matchesPlayed: 0, losses: 0} @ http://localhost:8765/js/app.js:629
[   28133ms] [LOG] Team AlphaStark stats: {roundsWon: 0, roundsLost: 0, draws: 0, losses: 0, matchesPlayed: 0} @ http://localhost:8765/js/app.js:629
[   28133ms] [LOG] Team SkySage stats: {losses: 0, matchesPlayed: 0, draws: 0, roundsLost: 0, roundsWon: 0} @ http://localhost:8765/js/app.js:629
[   28133ms] [LOG] Team Gaurav/Akash stats: {draws: 0, roundsLost: 55, roundsWon: 48, losses: 5, matchesPlayed: 11} @ http://localhost:8765/js/app.js:629
[   28133ms] [LOG] Team Alegeus stars stats: {roundsLost: 6, draws: 0, roundsWon: 2, matchesPlayed: 1, losses: 1} @ http://localhost:8765/js/app.js:629
[   28133ms] [LOG] Team Gaurav/ Palash stats: {points: 0, wins: 0, totalScore: 36, matchesPlayed: 1, losses: 1} @ http://localhost:8765/js/app.js:629
[   28133ms] [LOG] Team KorbaGang stats: {wins: 5, points: 15, totalScore: 4121, matchesPlayed: 11, losses: 6} @ http://localhost:8765/js/app.js:629
[   28133ms] [LOG] Team K2-G stats: {matchesPlayed: 1, losses: 0, roundsWon: 6, roundsLost: 2, draws: 0} @ http://localhost:8765/js/app.js:629
[   28133ms] [LOG] Team Sky/K2 stats: {points: 3, wins: 1, totalScore: 552, matchesPlayed: 1, losses: 0} @ http://localhost:8765/js/app.js:629
[   28845ms] [LOG] Team statistics updated successfully @ http://localhost:8765/js/services/matchService.js:293
[   29764ms] [LOG] Received real-time update for teams: [Object, Object, Object, Object, Object, Object, Object, Object, Object, Object] @ http://localhost:8765/js/app.js:1566
[   29765ms] [LOG] Received real-time update for teams: [Object, Object, Object, Object, Object, Object, Object, Object, Object, Object] @ http://localhost:8765/js/app.js:1566
[   29766ms] [LOG] Teams retrieved: [Object, Object, Object, Object, Object, Object, Object, Object, Object, Object] @ http://localhost:8765/js/app.js:603
[   29766ms] [LOG] Team Coke stats: {totalScore: 0, points: 0, wins: 0, draws: 0, roundsLost: 0} @ http://localhost:8765/js/app.js:629
[   29766ms] [LOG] Team Sprite stats: {roundsLost: 0, draws: 0, roundsWon: 0, matchesPlayed: 0, losses: 0} @ http://localhost:8765/js/app.js:629
[   29766ms] [LOG] Team AlphaStark stats: {roundsWon: 0, roundsLost: 0, draws: 0, losses: 0, matchesPlayed: 0} @ http://localhost:8765/js/app.js:629
[   29766ms] [LOG] Team SkySage stats: {losses: 0, matchesPlayed: 0, draws: 0, roundsLost: 0, roundsWon: 0} @ http://localhost:8765/js/app.js:629
[   29766ms] [LOG] Team Gaurav/Akash stats: {roundsLost: 62, draws: 0, roundsWon: 50, losses: 6, matchesPlayed: 12} @ http://localhost:8765/js/app.js:629
[   29766ms] [LOG] Team Alegeus stars stats: {roundsLost: 6, draws: 0, roundsWon: 2, matchesPlayed: 1, losses: 1} @ http://localhost:8765/js/app.js:629
[   29767ms] [LOG] Team Gaurav/ Palash stats: {points: 0, wins: 0, totalScore: 36, matchesPlayed: 1, losses: 1} @ http://localhost:8765/js/app.js:629
[   29767ms] [LOG] Team KorbaGang stats: {totalScore: 4659, points: 18, wins: 6, roundsLost: 50, draws: 0} @ http://localhost:8765/js/app.js:629
[   29767ms] [LOG] Team K2-G stats: {matchesPlayed: 1, losses: 0, roundsWon: 6, roundsLost: 2, draws: 0} @ http://localhost:8765/js/app.js:629
[   29767ms] [LOG] Team Sky/K2 stats: {points: 3, wins: 1, totalScore: 552, matchesPlayed: 1, losses: 0} @ http://localhost:8765/js/app.js:629
[   29771ms] [LOG] Teams retrieved: [Object, Object, Object, Object, Object, Object, Object, Object, Object, Object] @ http://localhost:8765/js/app.js:603
[   29771ms] [LOG] Team Coke stats: {totalScore: 0, points: 0, wins: 0, draws: 0, roundsLost: 0} @ http://localhost:8765/js/app.js:629
[   29771ms] [LOG] Team Sprite stats: {roundsLost: 0, draws: 0, roundsWon: 0, matchesPlayed: 0, losses: 0} @ http://localhost:8765/js/app.js:629
[   29771ms] [LOG] Team AlphaStark stats: {roundsWon: 0, roundsLost: 0, draws: 0, losses: 0, matchesPlayed: 0} @ http://localhost:8765/js/app.js:629
[   29771ms] [LOG] Team SkySage stats: {losses: 0, matchesPlayed: 0, draws: 0, roundsLost: 0, roundsWon: 0} @ http://localhost:8765/js/app.js:629
[   29771ms] [LOG] Team Gaurav/Akash stats: {roundsLost: 62, draws: 0, roundsWon: 50, losses: 6, matchesPlayed: 12} @ http://localhost:8765/js/app.js:629
[   29771ms] [LOG] Team Alegeus stars stats: {roundsLost: 6, draws: 0, roundsWon: 2, matchesPlayed: 1, losses: 1} @ http://localhost:8765/js/app.js:629
[   29771ms] [LOG] Team Gaurav/ Palash stats: {points: 0, wins: 0, totalScore: 36, matchesPlayed: 1, losses: 1} @ http://localhost:8765/js/app.js:629
[   29771ms] [LOG] Team KorbaGang stats: {totalScore: 4659, points: 18, wins: 6, roundsLost: 50, draws: 0} @ http://localhost:8765/js/app.js:629
[   29771ms] [LOG] Team K2-G stats: {matchesPlayed: 1, losses: 0, roundsWon: 6, roundsLost: 2, draws: 0} @ http://localhost:8765/js/app.js:629
[   29771ms] [LOG] Team Sky/K2 stats: {points: 3, wins: 1, totalScore: 552, matchesPlayed: 1, losses: 0} @ http://localhost:8765/js/app.js:629
[   30489ms] [LOG] Team statistics updated successfully @ http://localhost:8765/js/services/matchService.js:293
[   31408ms] [LOG] Received real-time update for teams: [Object, Object, Object, Object, Object, Object, Object, Object, Object, Object] @ http://localhost:8765/js/app.js:1566
[   31409ms] [LOG] Received real-time update for teams: [Object, Object, Object, Object, Object, Object, Object, Object, Object, Object] @ http://localhost:8765/js/app.js:1566
[   31410ms] [LOG] Teams retrieved: [Object, Object, Object, Object, Object, Object, Object, Object, Object, Object] @ http://localhost:8765/js/app.js:603
[   31410ms] [LOG] Team Coke stats: {totalScore: 0, points: 0, wins: 0, draws: 0, roundsLost: 0} @ http://localhost:8765/js/app.js:629
[   31410ms] [LOG] Team Sprite stats: {roundsLost: 0, draws: 0, roundsWon: 0, matchesPlayed: 0, losses: 0} @ http://localhost:8765/js/app.js:629
[   31410ms] [LOG] Team AlphaStark stats: {roundsWon: 0, roundsLost: 0, draws: 0, losses: 0, matchesPlayed: 0} @ http://localhost:8765/js/app.js:629
[   31410ms] [LOG] Team SkySage stats: {losses: 0, matchesPlayed: 0, draws: 0, roundsLost: 0, roundsWon: 0} @ http://localhost:8765/js/app.js:629
[   31410ms] [LOG] Team Gaurav/Akash stats: {totalScore: 4598, points: 21, wins: 7, roundsLost: 66, draws: 0} @ http://localhost:8765/js/app.js:629
[   31410ms] [LOG] Team Alegeus stars stats: {roundsLost: 6, draws: 0, roundsWon: 2, matchesPlayed: 1, losses: 1} @ http://localhost:8765/js/app.js:629
[   31410ms] [LOG] Team Gaurav/ Palash stats: {points: 0, wins: 0, totalScore: 36, matchesPlayed: 1, losses: 1} @ http://localhost:8765/js/app.js:629
[   31410ms] [LOG] Team KorbaGang stats: {points: 18, wins: 6, totalScore: 5032, matchesPlayed: 13, losses: 7} @ http://localhost:8765/js/app.js:629
[   31410ms] [LOG] Team K2-G stats: {matchesPlayed: 1, losses: 0, roundsWon: 6, roundsLost: 2, draws: 0} @ http://localhost:8765/js/app.js:629
[   31410ms] [LOG] Team Sky/K2 stats: {points: 3, wins: 1, totalScore: 552, matchesPlayed: 1, losses: 0} @ http://localhost:8765/js/app.js:629
[   31412ms] [LOG] Teams retrieved: [Object, Object, Object, Object, Object, Object, Object, Object, Object, Object] @ http://localhost:8765/js/app.js:603
[   31412ms] [LOG] Team Coke stats: {totalScore: 0, points: 0, wins: 0, draws: 0, roundsLost: 0} @ http://localhost:8765/js/app.js:629
[   31412ms] [LOG] Team Sprite stats: {roundsLost: 0, draws: 0, roundsWon: 0, matchesPlayed: 0, losses: 0} @ http://localhost:8765/js/app.js:629
[   31412ms] [LOG] Team AlphaStark stats: {roundsWon: 0, roundsLost: 0, draws: 0, losses: 0, matchesPlayed: 0} @ http://localhost:8765/js/app.js:629
[   31412ms] [LOG] Team SkySage stats: {losses: 0, matchesPlayed: 0, draws: 0, roundsLost: 0, roundsWon: 0} @ http://localhost:8765/js/app.js:629
[   31412ms] [LOG] Team Gaurav/Akash stats: {totalScore: 4598, points: 21, wins: 7, roundsLost: 66, draws: 0} @ http://localhost:8765/js/app.js:629
[   31412ms] [LOG] Team Alegeus stars stats: {roundsLost: 6, draws: 0, roundsWon: 2, matchesPlayed: 1, losses: 1} @ http://localhost:8765/js/app.js:629
[   31412ms] [LOG] Team Gaurav/ Palash stats: {points: 0, wins: 0, totalScore: 36, matchesPlayed: 1, losses: 1} @ http://localhost:8765/js/app.js:629
[   31412ms] [LOG] Team KorbaGang stats: {points: 18, wins: 6, totalScore: 5032, matchesPlayed: 13, losses: 7} @ http://localhost:8765/js/app.js:629
[   31412ms] [LOG] Team K2-G stats: {matchesPlayed: 1, losses: 0, roundsWon: 6, roundsLost: 2, draws: 0} @ http://localhost:8765/js/app.js:629
[   31412ms] [LOG] Team Sky/K2 stats: {points: 3, wins: 1, totalScore: 552, matchesPlayed: 1, losses: 0} @ http://localhost:8765/js/app.js:629
[   32252ms] [LOG] Team statistics updated successfully @ http://localhost:8765/js/services/matchService.js:293
[   33378ms] [LOG] Received real-time update for teams: [Object, Object, Object, Object, Object, Object, Object, Object, Object, Object] @ http://localhost:8765/js/app.js:1566
[   33380ms] [LOG] Received real-time update for teams: [Object, Object, Object, Object, Object, Object, Object, Object, Object, Object] @ http://localhost:8765/js/app.js:1566
[   33381ms] [LOG] Teams retrieved: [Object, Object, Object, Object, Object, Object, Object, Object, Object, Object] @ http://localhost:8765/js/app.js:603
[   33381ms] [LOG] Team Coke stats: {totalScore: 0, points: 0, wins: 0, draws: 0, roundsLost: 0} @ http://localhost:8765/js/app.js:629
[   33381ms] [LOG] Team Sprite stats: {roundsLost: 0, draws: 0, roundsWon: 0, matchesPlayed: 0, losses: 0} @ http://localhost:8765/js/app.js:629
[   33381ms] [LOG] Team AlphaStark stats: {roundsWon: 0, roundsLost: 0, draws: 0, losses: 0, matchesPlayed: 0} @ http://localhost:8765/js/app.js:629
[   33381ms] [LOG] Team SkySage stats: {losses: 0, matchesPlayed: 0, draws: 0, roundsLost: 0, roundsWon: 0} @ http://localhost:8765/js/app.js:629
[   33381ms] [LOG] Team Gaurav/Akash stats: {draws: 0, roundsLost: 72, roundsWon: 61, losses: 6, matchesPlayed: 14} @ http://localhost:8765/js/app.js:629
[   33381ms] [LOG] Team Alegeus stars stats: {roundsLost: 6, draws: 0, roundsWon: 2, matchesPlayed: 1, losses: 1} @ http://localhost:8765/js/app.js:629
[   33381ms] [LOG] Team Gaurav/ Palash stats: {points: 0, wins: 0, totalScore: 36, matchesPlayed: 1, losses: 1} @ http://localhost:8765/js/app.js:629
[   33381ms] [LOG] Team KorbaGang stats: {roundsWon: 72, draws: 0, roundsLost: 61, losses: 8, matchesPlayed: 14} @ http://localhost:8765/js/app.js:629
[   33381ms] [LOG] Team K2-G stats: {matchesPlayed: 1, losses: 0, roundsWon: 6, roundsLost: 2, draws: 0} @ http://localhost:8765/js/app.js:629
[   33381ms] [LOG] Team Sky/K2 stats: {points: 3, wins: 1, totalScore: 552, matchesPlayed: 1, losses: 0} @ http://localhost:8765/js/app.js:629
[   33383ms] [LOG] Teams retrieved: [Object, Object, Object, Object, Object, Object, Object, Object, Object, Object] @ http://localhost:8765/js/app.js:603
[   33383ms] [LOG] Team Coke stats: {totalScore: 0, points: 0, wins: 0, draws: 0, roundsLost: 0} @ http://localhost:8765/js/app.js:629
[   33383ms] [LOG] Team Sprite stats: {roundsLost: 0, draws: 0, roundsWon: 0, matchesPlayed: 0, losses: 0} @ http://localhost:8765/js/app.js:629
[   33383ms] [LOG] Team AlphaStark stats: {roundsWon: 0, roundsLost: 0, draws: 0, losses: 0, matchesPlayed: 0} @ http://localhost:8765/js/app.js:629
[   33383ms] [LOG] Team SkySage stats: {losses: 0, matchesPlayed: 0, draws: 0, roundsLost: 0, roundsWon: 0} @ http://localhost:8765/js/app.js:629
[   33383ms] [LOG] Team Gaurav/Akash stats: {draws: 0, roundsLost: 72, roundsWon: 61, losses: 6, matchesPlayed: 14} @ http://localhost:8765/js/app.js:629
[   33383ms] [LOG] Team Alegeus stars stats: {roundsLost: 6, draws: 0, roundsWon: 2, matchesPlayed: 1, losses: 1} @ http://localhost:8765/js/app.js:629
[   33383ms] [LOG] Team Gaurav/ Palash stats: {points: 0, wins: 0, totalScore: 36, matchesPlayed: 1, losses: 1} @ http://localhost:8765/js/app.js:629
[   33383ms] [LOG] Team KorbaGang stats: {roundsWon: 72, draws: 0, roundsLost: 61, losses: 8, matchesPlayed: 14} @ http://localhost:8765/js/app.js:629
[   33383ms] [LOG] Team K2-G stats: {matchesPlayed: 1, losses: 0, roundsWon: 6, roundsLost: 2, draws: 0} @ http://localhost:8765/js/app.js:629
[   33383ms] [LOG] Team Sky/K2 stats: {points: 3, wins: 1, totalScore: 552, matchesPlayed: 1, losses: 0} @ http://localhost:8765/js/app.js:629
[   34159ms] [LOG] Team statistics updated successfully @ http://localhost:8765/js/services/matchService.js:293
[   35096ms] [LOG] Received real-time update for teams: [Object, Object, Object, Object, Object, Object, Object, Object, Object, Object] @ http://localhost:8765/js/app.js:1566
[   35097ms] [LOG] Received real-time update for teams: [Object, Object, Object, Object, Object, Object, Object, Object, Object, Object] @ http://localhost:8765/js/app.js:1566
[   35098ms] [LOG] Teams retrieved: [Object, Object, Object, Object, Object, Object, Object, Object, Object, Object] @ http://localhost:8765/js/app.js:603
[   35098ms] [LOG] Team Coke stats: {totalScore: 0, points: 0, wins: 0, draws: 0, roundsLost: 0} @ http://localhost:8765/js/app.js:629
[   35098ms] [LOG] Team Sprite stats: {roundsLost: 0, draws: 0, roundsWon: 0, matchesPlayed: 0, losses: 0} @ http://localhost:8765/js/app.js:629
[   35098ms] [LOG] Team AlphaStark stats: {roundsWon: 0, roundsLost: 0, draws: 0, losses: 0, matchesPlayed: 0} @ http://localhost:8765/js/app.js:629
[   35098ms] [LOG] Team SkySage stats: {losses: 0, matchesPlayed: 0, draws: 0, roundsLost: 0, roundsWon: 0} @ http://localhost:8765/js/app.js:629
[   35098ms] [LOG] Team Gaurav/Akash stats: {roundsWon: 64, roundsLost: 78, draws: 0, losses: 7, matchesPlayed: 15} @ http://localhost:8765/js/app.js:629
[   35098ms] [LOG] Team Alegeus stars stats: {roundsLost: 6, draws: 0, roundsWon: 2, matchesPlayed: 1, losses: 1} @ http://localhost:8765/js/app.js:629
[   35098ms] [LOG] Team Gaurav/ Palash stats: {points: 0, wins: 0, totalScore: 36, matchesPlayed: 1, losses: 1} @ http://localhost:8765/js/app.js:629
[   35098ms] [LOG] Team KorbaGang stats: {matchesPlayed: 15, losses: 8, roundsWon: 78, roundsLost: 64, draws: 0} @ http://localhost:8765/js/app.js:629
[   35098ms] [LOG] Team K2-G stats: {matchesPlayed: 1, losses: 0, roundsWon: 6, roundsLost: 2, draws: 0} @ http://localhost:8765/js/app.js:629
[   35098ms] [LOG] Team Sky/K2 stats: {points: 3, wins: 1, totalScore: 552, matchesPlayed: 1, losses: 0} @ http://localhost:8765/js/app.js:629
[   35100ms] [LOG] Teams retrieved: [Object, Object, Object, Object, Object, Object, Object, Object, Object, Object] @ http://localhost:8765/js/app.js:603
[   35100ms] [LOG] Team Coke stats: {totalScore: 0, points: 0, wins: 0, draws: 0, roundsLost: 0} @ http://localhost:8765/js/app.js:629
[   35100ms] [LOG] Team Sprite stats: {roundsLost: 0, draws: 0, roundsWon: 0, matchesPlayed: 0, losses: 0} @ http://localhost:8765/js/app.js:629
[   35100ms] [LOG] Team AlphaStark stats: {roundsWon: 0, roundsLost: 0, draws: 0, losses: 0, matchesPlayed: 0} @ http://localhost:8765/js/app.js:629
[   35100ms] [LOG] Team SkySage stats: {losses: 0, matchesPlayed: 0, draws: 0, roundsLost: 0, roundsWon: 0} @ http://localhost:8765/js/app.js:629
[   35100ms] [LOG] Team Gaurav/Akash stats: {roundsWon: 64, roundsLost: 78, draws: 0, losses: 7, matchesPlayed: 15} @ http://localhost:8765/js/app.js:629
[   35100ms] [LOG] Team Alegeus stars stats: {roundsLost: 6, draws: 0, roundsWon: 2, matchesPlayed: 1, losses: 1} @ http://localhost:8765/js/app.js:629
[   35100ms] [LOG] Team Gaurav/ Palash stats: {points: 0, wins: 0, totalScore: 36, matchesPlayed: 1, losses: 1} @ http://localhost:8765/js/app.js:629
[   35100ms] [LOG] Team KorbaGang stats: {matchesPlayed: 15, losses: 8, roundsWon: 78, roundsLost: 64, draws: 0} @ http://localhost:8765/js/app.js:629
[   35100ms] [LOG] Team K2-G stats: {matchesPlayed: 1, losses: 0, roundsWon: 6, roundsLost: 2, draws: 0} @ http://localhost:8765/js/app.js:629
[   35100ms] [LOG] Team Sky/K2 stats: {points: 3, wins: 1, totalScore: 552, matchesPlayed: 1, losses: 0} @ http://localhost:8765/js/app.js:629
[   35819ms] [LOG] Team statistics updated successfully @ http://localhost:8765/js/services/matchService.js:293
[   36745ms] [LOG] Received real-time update for teams: [Object, Object, Object, Object, Object, Object, Object, Object, Object, Object] @ http://localhost:8765/js/app.js:1566
[   36746ms] [LOG] Received real-time update for teams: [Object, Object, Object, Object, Object, Object, Object, Object, Object, Object] @ http://localhost:8765/js/app.js:1566
[   36748ms] [LOG] Teams retrieved: [Object, Object, Object, Object, Object, Object, Object, Object, Object, Object] @ http://localhost:8765/js/app.js:603
[   36748ms] [LOG] Team Coke stats: {totalScore: 0, points: 0, wins: 0, draws: 0, roundsLost: 0} @ http://localhost:8765/js/app.js:629
[   36748ms] [LOG] Team Sprite stats: {roundsLost: 0, draws: 0, roundsWon: 0, matchesPlayed: 0, losses: 0} @ http://localhost:8765/js/app.js:629
[   36748ms] [LOG] Team AlphaStark stats: {roundsWon: 0, roundsLost: 0, draws: 0, losses: 0, matchesPlayed: 0} @ http://localhost:8765/js/app.js:629
[   36748ms] [LOG] Team SkySage stats: {losses: 0, matchesPlayed: 0, draws: 0, roundsLost: 0, roundsWon: 0} @ http://localhost:8765/js/app.js:629
[   36748ms] [LOG] Team Gaurav/Akash stats: {roundsWon: 68, draws: 0, roundsLost: 82, matchesPlayed: 16, losses: 7} @ http://localhost:8765/js/app.js:629
[   36748ms] [LOG] Team Alegeus stars stats: {roundsLost: 6, draws: 0, roundsWon: 2, matchesPlayed: 1, losses: 1} @ http://localhost:8765/js/app.js:629
[   36748ms] [LOG] Team Gaurav/ Palash stats: {points: 0, wins: 0, totalScore: 36, matchesPlayed: 1, losses: 1} @ http://localhost:8765/js/app.js:629
[   36748ms] [LOG] Team KorbaGang stats: {roundsLost: 68, draws: 0, roundsWon: 82, matchesPlayed: 16, losses: 9} @ http://localhost:8765/js/app.js:629
[   36748ms] [LOG] Team K2-G stats: {matchesPlayed: 1, losses: 0, roundsWon: 6, roundsLost: 2, draws: 0} @ http://localhost:8765/js/app.js:629
[   36748ms] [LOG] Team Sky/K2 stats: {points: 3, wins: 1, totalScore: 552, matchesPlayed: 1, losses: 0} @ http://localhost:8765/js/app.js:629
[   36753ms] [LOG] Teams retrieved: [Object, Object, Object, Object, Object, Object, Object, Object, Object, Object] @ http://localhost:8765/js/app.js:603
[   36753ms] [LOG] Team Coke stats: {totalScore: 0, points: 0, wins: 0, draws: 0, roundsLost: 0} @ http://localhost:8765/js/app.js:629
[   36753ms] [LOG] Team Sprite stats: {roundsLost: 0, draws: 0, roundsWon: 0, matchesPlayed: 0, losses: 0} @ http://localhost:8765/js/app.js:629
[   36753ms] [LOG] Team AlphaStark stats: {roundsWon: 0, roundsLost: 0, draws: 0, losses: 0, matchesPlayed: 0} @ http://localhost:8765/js/app.js:629
[   36753ms] [LOG] Team SkySage stats: {losses: 0, matchesPlayed: 0, draws: 0, roundsLost: 0, roundsWon: 0} @ http://localhost:8765/js/app.js:629
[   36753ms] [LOG] Team Gaurav/Akash stats: {roundsWon: 68, draws: 0, roundsLost: 82, matchesPlayed: 16, losses: 7} @ http://localhost:8765/js/app.js:629
[   36753ms] [LOG] Team Alegeus stars stats: {roundsLost: 6, draws: 0, roundsWon: 2, matchesPlayed: 1, losses: 1} @ http://localhost:8765/js/app.js:629
[   36753ms] [LOG] Team Gaurav/ Palash stats: {points: 0, wins: 0, totalScore: 36, matchesPlayed: 1, losses: 1} @ http://localhost:8765/js/app.js:629
[   36753ms] [LOG] Team KorbaGang stats: {roundsLost: 68, draws: 0, roundsWon: 82, matchesPlayed: 16, losses: 9} @ http://localhost:8765/js/app.js:629
[   36753ms] [LOG] Team K2-G stats: {matchesPlayed: 1, losses: 0, roundsWon: 6, roundsLost: 2, draws: 0} @ http://localhost:8765/js/app.js:629
[   36753ms] [LOG] Team Sky/K2 stats: {points: 3, wins: 1, totalScore: 552, matchesPlayed: 1, losses: 0} @ http://localhost:8765/js/app.js:629
[   37491ms] [LOG] Team statistics updated successfully @ http://localhost:8765/js/services/matchService.js:293
[   38445ms] [LOG] Received real-time update for teams: [Object, Object, Object, Object, Object, Object, Object, Object, Object, Object] @ http://localhost:8765/js/app.js:1566
[   38446ms] [LOG] Received real-time update for teams: [Object, Object, Object, Object, Object, Object, Object, Object, Object, Object] @ http://localhost:8765/js/app.js:1566
[   38447ms] [LOG] Teams retrieved: [Object, Object, Object, Object, Object, Object, Object, Object, Object, Object] @ http://localhost:8765/js/app.js:603
[   38447ms] [LOG] Team Coke stats: {totalScore: 0, points: 0, wins: 0, draws: 0, roundsLost: 0} @ http://localhost:8765/js/app.js:629
[   38447ms] [LOG] Team Sprite stats: {roundsLost: 0, draws: 0, roundsWon: 0, matchesPlayed: 0, losses: 0} @ http://localhost:8765/js/app.js:629
[   38447ms] [LOG] Team AlphaStark stats: {roundsWon: 0, roundsLost: 0, draws: 0, losses: 0, matchesPlayed: 0} @ http://localhost:8765/js/app.js:629
[   38447ms] [LOG] Team SkySage stats: {losses: 0, matchesPlayed: 0, draws: 0, roundsLost: 0, roundsWon: 0} @ http://localhost:8765/js/app.js:629
[   38447ms] [LOG] Team Gaurav/Akash stats: {points: 30, wins: 10, totalScore: 6242, matchesPlayed: 17, losses: 7} @ http://localhost:8765/js/app.js:629
[   38447ms] [LOG] Team Alegeus stars stats: {roundsLost: 6, draws: 0, roundsWon: 2, matchesPlayed: 1, losses: 1} @ http://localhost:8765/js/app.js:629
[   38447ms] [LOG] Team Gaurav/ Palash stats: {points: 0, wins: 0, totalScore: 36, matchesPlayed: 1, losses: 1} @ http://localhost:8765/js/app.js:629
[   38447ms] [LOG] Team KorbaGang stats: {totalScore: 6592, wins: 7, points: 21, draws: 0, roundsLost: 71} @ http://localhost:8765/js/app.js:629
[   38447ms] [LOG] Team K2-G stats: {matchesPlayed: 1, losses: 0, roundsWon: 6, roundsLost: 2, draws: 0} @ http://localhost:8765/js/app.js:629
[   38447ms] [LOG] Team Sky/K2 stats: {points: 3, wins: 1, totalScore: 552, matchesPlayed: 1, losses: 0} @ http://localhost:8765/js/app.js:629
[   38449ms] [LOG] Teams retrieved: [Object, Object, Object, Object, Object, Object, Object, Object, Object, Object] @ http://localhost:8765/js/app.js:603
[   38449ms] [LOG] Team Coke stats: {totalScore: 0, points: 0, wins: 0, draws: 0, roundsLost: 0} @ http://localhost:8765/js/app.js:629
[   38449ms] [LOG] Team Sprite stats: {roundsLost: 0, draws: 0, roundsWon: 0, matchesPlayed: 0, losses: 0} @ http://localhost:8765/js/app.js:629
[   38449ms] [LOG] Team AlphaStark stats: {roundsWon: 0, roundsLost: 0, draws: 0, losses: 0, matchesPlayed: 0} @ http://localhost:8765/js/app.js:629
[   38449ms] [LOG] Team SkySage stats: {losses: 0, matchesPlayed: 0, draws: 0, roundsLost: 0, roundsWon: 0} @ http://localhost:8765/js/app.js:629
[   38449ms] [LOG] Team Gaurav/Akash stats: {points: 30, wins: 10, totalScore: 6242, matchesPlayed: 17, losses: 7} @ http://localhost:8765/js/app.js:629
[   38449ms] [LOG] Team Alegeus stars stats: {roundsLost: 6, draws: 0, roundsWon: 2, matchesPlayed: 1, losses: 1} @ http://localhost:8765/js/app.js:629
[   38449ms] [LOG] Team Gaurav/ Palash stats: {points: 0, wins: 0, totalScore: 36, matchesPlayed: 1, losses: 1} @ http://localhost:8765/js/app.js:629
[   38449ms] [LOG] Team KorbaGang stats: {totalScore: 6592, wins: 7, points: 21, draws: 0, roundsLost: 71} @ http://localhost:8765/js/app.js:629
[   38449ms] [LOG] Team K2-G stats: {matchesPlayed: 1, losses: 0, roundsWon: 6, roundsLost: 2, draws: 0} @ http://localhost:8765/js/app.js:629
[   38449ms] [LOG] Team Sky/K2 stats: {points: 3, wins: 1, totalScore: 552, matchesPlayed: 1, losses: 0} @ http://localhost:8765/js/app.js:629
[   39174ms] [LOG] Team statistics updated successfully @ http://localhost:8765/js/services/matchService.js:293
[   40169ms] [LOG] Received real-time update for teams: [Object, Object, Object, Object, Object, Object, Object, Object, Object, Object] @ http://localhost:8765/js/app.js:1566
[   40171ms] [LOG] Received real-time update for teams: [Object, Object, Object, Object, Object, Object, Object, Object, Object, Object] @ http://localhost:8765/js/app.js:1566
[   40172ms] [LOG] Teams retrieved: [Object, Object, Object, Object, Object, Object, Object, Object, Object, Object] @ http://localhost:8765/js/app.js:603
[   40172ms] [LOG] Team Coke stats: {totalScore: 0, points: 0, wins: 0, draws: 0, roundsLost: 0} @ http://localhost:8765/js/app.js:629
[   40172ms] [LOG] Team Sprite stats: {roundsLost: 0, draws: 0, roundsWon: 0, matchesPlayed: 0, losses: 0} @ http://localhost:8765/js/app.js:629
[   40172ms] [LOG] Team AlphaStark stats: {roundsWon: 0, roundsLost: 0, draws: 0, losses: 0, matchesPlayed: 0} @ http://localhost:8765/js/app.js:629
[   40172ms] [LOG] Team SkySage stats: {losses: 0, matchesPlayed: 0, draws: 0, roundsLost: 0, roundsWon: 0} @ http://localhost:8765/js/app.js:629
[   40172ms] [LOG] Team Gaurav/Akash stats: {losses: 8, matchesPlayed: 18, roundsLost: 92, draws: 0, roundsWon: 74} @ http://localhost:8765/js/app.js:629
[   40172ms] [LOG] Team Alegeus stars stats: {roundsLost: 6, draws: 0, roundsWon: 2, matchesPlayed: 1, losses: 1} @ http://localhost:8765/js/app.js:629
[   40172ms] [LOG] Team Gaurav/ Palash stats: {points: 0, wins: 0, totalScore: 36, matchesPlayed: 1, losses: 1} @ http://localhost:8765/js/app.js:629
[   40172ms] [LOG] Team KorbaGang stats: {wins: 8, points: 24, totalScore: 7119, losses: 10, matchesPlayed: 18} @ http://localhost:8765/js/app.js:629
[   40172ms] [LOG] Team K2-G stats: {matchesPlayed: 1, losses: 0, roundsWon: 6, roundsLost: 2, draws: 0} @ http://localhost:8765/js/app.js:629
[   40172ms] [LOG] Team Sky/K2 stats: {points: 3, wins: 1, totalScore: 552, matchesPlayed: 1, losses: 0} @ http://localhost:8765/js/app.js:629
[   40174ms] [LOG] Teams retrieved: [Object, Object, Object, Object, Object, Object, Object, Object, Object, Object] @ http://localhost:8765/js/app.js:603
[   40174ms] [LOG] Team Coke stats: {totalScore: 0, points: 0, wins: 0, draws: 0, roundsLost: 0} @ http://localhost:8765/js/app.js:629
[   40174ms] [LOG] Team Sprite stats: {roundsLost: 0, draws: 0, roundsWon: 0, matchesPlayed: 0, losses: 0} @ http://localhost:8765/js/app.js:629
[   40174ms] [LOG] Team AlphaStark stats: {roundsWon: 0, roundsLost: 0, draws: 0, losses: 0, matchesPlayed: 0} @ http://localhost:8765/js/app.js:629
[   40174ms] [LOG] Team SkySage stats: {losses: 0, matchesPlayed: 0, draws: 0, roundsLost: 0, roundsWon: 0} @ http://localhost:8765/js/app.js:629
[   40174ms] [LOG] Team Gaurav/Akash stats: {losses: 8, matchesPlayed: 18, roundsLost: 92, draws: 0, roundsWon: 74} @ http://localhost:8765/js/app.js:629
[   40174ms] [LOG] Team Alegeus stars stats: {roundsLost: 6, draws: 0, roundsWon: 2, matchesPlayed: 1, losses: 1} @ http://localhost:8765/js/app.js:629
[   40174ms] [LOG] Team Gaurav/ Palash stats: {points: 0, wins: 0, totalScore: 36, matchesPlayed: 1, losses: 1} @ http://localhost:8765/js/app.js:629
[   40174ms] [LOG] Team KorbaGang stats: {wins: 8, points: 24, totalScore: 7119, losses: 10, matchesPlayed: 18} @ http://localhost:8765/js/app.js:629
[   40174ms] [LOG] Team K2-G stats: {matchesPlayed: 1, losses: 0, roundsWon: 6, roundsLost: 2, draws: 0} @ http://localhost:8765/js/app.js:629
[   40174ms] [LOG] Team Sky/K2 stats: {points: 3, wins: 1, totalScore: 552, matchesPlayed: 1, losses: 0} @ http://localhost:8765/js/app.js:629
[   40961ms] [LOG] Team statistics updated successfully @ http://localhost:8765/js/services/matchService.js:293
[   41971ms] [LOG] Received real-time update for teams: [Object, Object, Object, Object, Object, Object, Object, Object, Object, Object] @ http://localhost:8765/js/app.js:1566
[   41973ms] [LOG] Received real-time update for teams: [Object, Object, Object, Object, Object, Object, Object, Object, Object, Object] @ http://localhost:8765/js/app.js:1566
[   41974ms] [LOG] Teams retrieved: [Object, Object, Object, Object, Object, Object, Object, Object, Object, Object] @ http://localhost:8765/js/app.js:603
[   41974ms] [LOG] Team Coke stats: {totalScore: 0, points: 0, wins: 0, draws: 0, roundsLost: 0} @ http://localhost:8765/js/app.js:629
[   41974ms] [LOG] Team Sprite stats: {roundsLost: 0, draws: 0, roundsWon: 0, matchesPlayed: 0, losses: 0} @ http://localhost:8765/js/app.js:629
[   41974ms] [LOG] Team AlphaStark stats: {roundsWon: 0, roundsLost: 0, draws: 0, losses: 0, matchesPlayed: 0} @ http://localhost:8765/js/app.js:629
[   41974ms] [LOG] Team SkySage stats: {losses: 0, matchesPlayed: 0, draws: 0, roundsLost: 0, roundsWon: 0} @ http://localhost:8765/js/app.js:629
[   41974ms] [LOG] Team Gaurav/Akash stats: {totalScore: 6916, points: 33, wins: 11, roundsLost: 95, draws: 0} @ http://localhost:8765/js/app.js:629
[   41974ms] [LOG] Team Alegeus stars stats: {roundsLost: 6, draws: 0, roundsWon: 2, matchesPlayed: 1, losses: 1} @ http://localhost:8765/js/app.js:629
[   41974ms] [LOG] Team Gaurav/ Palash stats: {points: 0, wins: 0, totalScore: 36, matchesPlayed: 1, losses: 1} @ http://localhost:8765/js/app.js:629
[   41974ms] [LOG] Team KorbaGang stats: {points: 24, wins: 8, totalScore: 7460, losses: 11, matchesPlayed: 19} @ http://localhost:8765/js/app.js:629
[   41974ms] [LOG] Team K2-G stats: {matchesPlayed: 1, losses: 0, roundsWon: 6, roundsLost: 2, draws: 0} @ http://localhost:8765/js/app.js:629
[   41974ms] [LOG] Team Sky/K2 stats: {points: 3, wins: 1, totalScore: 552, matchesPlayed: 1, losses: 0} @ http://localhost:8765/js/app.js:629
[   41976ms] [LOG] Teams retrieved: [Object, Object, Object, Object, Object, Object, Object, Object, Object, Object] @ http://localhost:8765/js/app.js:603
[   41976ms] [LOG] Team Coke stats: {totalScore: 0, points: 0, wins: 0, draws: 0, roundsLost: 0} @ http://localhost:8765/js/app.js:629
[   41976ms] [LOG] Team Sprite stats: {roundsLost: 0, draws: 0, roundsWon: 0, matchesPlayed: 0, losses: 0} @ http://localhost:8765/js/app.js:629
[   41976ms] [LOG] Team AlphaStark stats: {roundsWon: 0, roundsLost: 0, draws: 0, losses: 0, matchesPlayed: 0} @ http://localhost:8765/js/app.js:629
[   41976ms] [LOG] Team SkySage stats: {losses: 0, matchesPlayed: 0, draws: 0, roundsLost: 0, roundsWon: 0} @ http://localhost:8765/js/app.js:629
[   41976ms] [LOG] Team Gaurav/Akash stats: {totalScore: 6916, points: 33, wins: 11, roundsLost: 95, draws: 0} @ http://localhost:8765/js/app.js:629
[   41976ms] [LOG] Team Alegeus stars stats: {roundsLost: 6, draws: 0, roundsWon: 2, matchesPlayed: 1, losses: 1} @ http://localhost:8765/js/app.js:629
[   41976ms] [LOG] Team Gaurav/ Palash stats: {points: 0, wins: 0, totalScore: 36, matchesPlayed: 1, losses: 1} @ http://localhost:8765/js/app.js:629
[   41976ms] [LOG] Team KorbaGang stats: {points: 24, wins: 8, totalScore: 7460, losses: 11, matchesPlayed: 19} @ http://localhost:8765/js/app.js:629
[   41976ms] [LOG] Team K2-G stats: {matchesPlayed: 1, losses: 0, roundsWon: 6, roundsLost: 2, draws: 0} @ http://localhost:8765/js/app.js:629
[   41976ms] [LOG] Team Sky/K2 stats: {points: 3, wins: 1, totalScore: 552, matchesPlayed: 1, losses: 0} @ http://localhost:8765/js/app.js:629
[   42706ms] [LOG] Team statistics updated successfully @ http://localhost:8765/js/services/matchService.js:293
[   43597ms] [LOG] Received real-time update for teams: [Object, Object, Object, Object, Object, Object, Object, Object, Object, Object] @ http://localhost:8765/js/app.js:1566
[   43598ms] [LOG] Received real-time update for teams: [Object, Object, Object, Object, Object, Object, Object, Object, Object, Object] @ http://localhost:8765/js/app.js:1566
[   43599ms] [LOG] Teams retrieved: [Object, Object, Object, Object, Object, Object, Object, Object, Object, Object] @ http://localhost:8765/js/app.js:603
[   43599ms] [LOG] Team Coke stats: {totalScore: 0, points: 0, wins: 0, draws: 0, roundsLost: 0} @ http://localhost:8765/js/app.js:629
[   43599ms] [LOG] Team Sprite stats: {roundsLost: 0, draws: 0, roundsWon: 0, matchesPlayed: 0, losses: 0} @ http://localhost:8765/js/app.js:629
[   43599ms] [LOG] Team AlphaStark stats: {roundsWon: 8, roundsLost: 5, draws: 0, losses: 0, matchesPlayed: 1} @ http://localhost:8765/js/app.js:629
[   43599ms] [LOG] Team SkySage stats: {losses: 1, matchesPlayed: 1, draws: 0, roundsLost: 8, roundsWon: 5} @ http://localhost:8765/js/app.js:629
[   43599ms] [LOG] Team Gaurav/Akash stats: {losses: 8, matchesPlayed: 19, draws: 0, roundsLost: 95, roundsWon: 79} @ http://localhost:8765/js/app.js:629
[   43599ms] [LOG] Team Alegeus stars stats: {roundsLost: 6, draws: 0, roundsWon: 2, matchesPlayed: 1, losses: 1} @ http://localhost:8765/js/app.js:629
[   43600ms] [LOG] Team Gaurav/ Palash stats: {points: 0, wins: 0, totalScore: 36, matchesPlayed: 1, losses: 1} @ http://localhost:8765/js/app.js:629
[   43600ms] [LOG] Team KorbaGang stats: {wins: 8, points: 24, totalScore: 7460, matchesPlayed: 19, losses: 11} @ http://localhost:8765/js/app.js:629
[   43600ms] [LOG] Team K2-G stats: {matchesPlayed: 1, losses: 0, roundsWon: 6, roundsLost: 2, draws: 0} @ http://localhost:8765/js/app.js:629
[   43600ms] [LOG] Team Sky/K2 stats: {points: 3, wins: 1, totalScore: 552, matchesPlayed: 1, losses: 0} @ http://localhost:8765/js/app.js:629
[   43601ms] [LOG] Teams retrieved: [Object, Object, Object, Object, Object, Object, Object, Object, Object, Object] @ http://localhost:8765/js/app.js:603
[   43601ms] [LOG] Team Coke stats: {totalScore: 0, points: 0, wins: 0, draws: 0, roundsLost: 0} @ http://localhost:8765/js/app.js:629
[   43601ms] [LOG] Team Sprite stats: {roundsLost: 0, draws: 0, roundsWon: 0, matchesPlayed: 0, losses: 0} @ http://localhost:8765/js/app.js:629
[   43601ms] [LOG] Team AlphaStark stats: {roundsWon: 8, roundsLost: 5, draws: 0, losses: 0, matchesPlayed: 1} @ http://localhost:8765/js/app.js:629
[   43601ms] [LOG] Team SkySage stats: {losses: 1, matchesPlayed: 1, draws: 0, roundsLost: 8, roundsWon: 5} @ http://localhost:8765/js/app.js:629
[   43601ms] [LOG] Team Gaurav/Akash stats: {losses: 8, matchesPlayed: 19, draws: 0, roundsLost: 95, roundsWon: 79} @ http://localhost:8765/js/app.js:629
[   43601ms] [LOG] Team Alegeus stars stats: {roundsLost: 6, draws: 0, roundsWon: 2, matchesPlayed: 1, losses: 1} @ http://localhost:8765/js/app.js:629
[   43601ms] [LOG] Team Gaurav/ Palash stats: {points: 0, wins: 0, totalScore: 36, matchesPlayed: 1, losses: 1} @ http://localhost:8765/js/app.js:629
[   43602ms] [LOG] Team KorbaGang stats: {wins: 8, points: 24, totalScore: 7460, matchesPlayed: 19, losses: 11} @ http://localhost:8765/js/app.js:629
[   43602ms] [LOG] Team K2-G stats: {matchesPlayed: 1, losses: 0, roundsWon: 6, roundsLost: 2, draws: 0} @ http://localhost:8765/js/app.js:629
[   43602ms] [LOG] Team Sky/K2 stats: {points: 3, wins: 1, totalScore: 552, matchesPlayed: 1, losses: 0} @ http://localhost:8765/js/app.js:629
[   44303ms] [LOG] Team statistics updated successfully @ http://localhost:8765/js/services/matchService.js:293
[   45196ms] [LOG] Received real-time update for teams: [Object, Object, Object, Object, Object, Object, Object, Object, Object, Object] @ http://localhost:8765/js/app.js:1566
[   45198ms] [LOG] Received real-time update for teams: [Object, Object, Object, Object, Object, Object, Object, Object, Object, Object] @ http://localhost:8765/js/app.js:1566
[   45199ms] [LOG] Teams retrieved: [Object, Object, Object, Object, Object, Object, Object, Object, Object, Object] @ http://localhost:8765/js/app.js:603
[   45199ms] [LOG] Team Coke stats: {totalScore: 0, points: 0, wins: 0, draws: 0, roundsLost: 0} @ http://localhost:8765/js/app.js:629
[   45199ms] [LOG] Team Sprite stats: {roundsLost: 0, draws: 0, roundsWon: 0, matchesPlayed: 0, losses: 0} @ http://localhost:8765/js/app.js:629
[   45199ms] [LOG] Team AlphaStark stats: {totalScore: 1069, wins: 2, points: 6, draws: 0, roundsLost: 9} @ http://localhost:8765/js/app.js:629
[   45199ms] [LOG] Team SkySage stats: {losses: 2, matchesPlayed: 2, draws: 0, roundsLost: 12, roundsWon: 9} @ http://localhost:8765/js/app.js:629
[   45199ms] [LOG] Team Gaurav/Akash stats: {losses: 8, matchesPlayed: 19, draws: 0, roundsLost: 95, roundsWon: 79} @ http://localhost:8765/js/app.js:629
[   45199ms] [LOG] Team Alegeus stars stats: {roundsLost: 6, draws: 0, roundsWon: 2, matchesPlayed: 1, losses: 1} @ http://localhost:8765/js/app.js:629
[   45199ms] [LOG] Team Gaurav/ Palash stats: {points: 0, wins: 0, totalScore: 36, matchesPlayed: 1, losses: 1} @ http://localhost:8765/js/app.js:629
[   45199ms] [LOG] Team KorbaGang stats: {wins: 8, points: 24, totalScore: 7460, matchesPlayed: 19, losses: 11} @ http://localhost:8765/js/app.js:629
[   45199ms] [LOG] Team K2-G stats: {matchesPlayed: 1, losses: 0, roundsWon: 6, roundsLost: 2, draws: 0} @ http://localhost:8765/js/app.js:629
[   45199ms] [LOG] Team Sky/K2 stats: {points: 3, wins: 1, totalScore: 552, matchesPlayed: 1, losses: 0} @ http://localhost:8765/js/app.js:629
[   45200ms] [LOG] Teams retrieved: [Object, Object, Object, Object, Object, Object, Object, Object, Object, Object] @ http://localhost:8765/js/app.js:603
[   45201ms] [LOG] Team Coke stats: {totalScore: 0, points: 0, wins: 0, draws: 0, roundsLost: 0} @ http://localhost:8765/js/app.js:629
[   45201ms] [LOG] Team Sprite stats: {roundsLost: 0, draws: 0, roundsWon: 0, matchesPlayed: 0, losses: 0} @ http://localhost:8765/js/app.js:629
[   45201ms] [LOG] Team AlphaStark stats: {totalScore: 1069, wins: 2, points: 6, draws: 0, roundsLost: 9} @ http://localhost:8765/js/app.js:629
[   45201ms] [LOG] Team SkySage stats: {losses: 2, matchesPlayed: 2, draws: 0, roundsLost: 12, roundsWon: 9} @ http://localhost:8765/js/app.js:629
[   45201ms] [LOG] Team Gaurav/Akash stats: {losses: 8, matchesPlayed: 19, draws: 0, roundsLost: 95, roundsWon: 79} @ http://localhost:8765/js/app.js:629
[   45201ms] [LOG] Team Alegeus stars stats: {roundsLost: 6, draws: 0, roundsWon: 2, matchesPlayed: 1, losses: 1} @ http://localhost:8765/js/app.js:629
[   45201ms] [LOG] Team Gaurav/ Palash stats: {points: 0, wins: 0, totalScore: 36, matchesPlayed: 1, losses: 1} @ http://localhost:8765/js/app.js:629
[   45201ms] [LOG] Team KorbaGang stats: {wins: 8, points: 24, totalScore: 7460, matchesPlayed: 19, losses: 11} @ http://localhost:8765/js/app.js:629
[   45201ms] [LOG] Team K2-G stats: {matchesPlayed: 1, losses: 0, roundsWon: 6, roundsLost: 2, draws: 0} @ http://localhost:8765/js/app.js:629
[   45201ms] [LOG] Team Sky/K2 stats: {points: 3, wins: 1, totalScore: 552, matchesPlayed: 1, losses: 0} @ http://localhost:8765/js/app.js:629
[   45977ms] [LOG] Team statistics updated successfully @ http://localhost:8765/js/services/matchService.js:293
[   47298ms] [LOG] Received real-time update for teams: [Object, Object, Object, Object, Object, Object, Object, Object, Object, Object] @ http://localhost:8765/js/app.js:1566
[   47299ms] [LOG] Received real-time update for teams: [Object, Object, Object, Object, Object, Object, Object, Object, Object, Object] @ http://localhost:8765/js/app.js:1566
[   47300ms] [LOG] Teams retrieved: [Object, Object, Object, Object, Object, Object, Object, Object, Object, Object] @ http://localhost:8765/js/app.js:603
[   47300ms] [LOG] Team Coke stats: {totalScore: 0, points: 0, wins: 0, draws: 0, roundsLost: 0} @ http://localhost:8765/js/app.js:629
[   47300ms] [LOG] Team Sprite stats: {roundsLost: 0, draws: 0, roundsWon: 0, matchesPlayed: 0, losses: 0} @ http://localhost:8765/js/app.js:629
[   47301ms] [LOG] Team AlphaStark stats: {draws: 0, roundsLost: 14, roundsWon: 15, losses: 1, matchesPlayed: 3} @ http://localhost:8765/js/app.js:629
[   47301ms] [LOG] Team SkySage stats: {losses: 2, matchesPlayed: 3, roundsLost: 15, draws: 0, roundsWon: 14} @ http://localhost:8765/js/app.js:629
[   47301ms] [LOG] Team Gaurav/Akash stats: {losses: 8, matchesPlayed: 19, draws: 0, roundsLost: 95, roundsWon: 79} @ http://localhost:8765/js/app.js:629
[   47301ms] [LOG] Team Alegeus stars stats: {roundsLost: 6, draws: 0, roundsWon: 2, matchesPlayed: 1, losses: 1} @ http://localhost:8765/js/app.js:629
[   47301ms] [LOG] Team Gaurav/ Palash stats: {points: 0, wins: 0, totalScore: 36, matchesPlayed: 1, losses: 1} @ http://localhost:8765/js/app.js:629
[   47301ms] [LOG] Team KorbaGang stats: {wins: 8, points: 24, totalScore: 7460, matchesPlayed: 19, losses: 11} @ http://localhost:8765/js/app.js:629
[   47301ms] [LOG] Team K2-G stats: {matchesPlayed: 1, losses: 0, roundsWon: 6, roundsLost: 2, draws: 0} @ http://localhost:8765/js/app.js:629
[   47301ms] [LOG] Team Sky/K2 stats: {points: 3, wins: 1, totalScore: 552, matchesPlayed: 1, losses: 0} @ http://localhost:8765/js/app.js:629
[   47303ms] [LOG] Teams retrieved: [Object, Object, Object, Object, Object, Object, Object, Object, Object, Object] @ http://localhost:8765/js/app.js:603
[   47303ms] [LOG] Team Coke stats: {totalScore: 0, points: 0, wins: 0, draws: 0, roundsLost: 0} @ http://localhost:8765/js/app.js:629
[   47303ms] [LOG] Team Sprite stats: {roundsLost: 0, draws: 0, roundsWon: 0, matchesPlayed: 0, losses: 0} @ http://localhost:8765/js/app.js:629
[   47303ms] [LOG] Team AlphaStark stats: {draws: 0, roundsLost: 14, roundsWon: 15, losses: 1, matchesPlayed: 3} @ http://localhost:8765/js/app.js:629
[   47303ms] [LOG] Team SkySage stats: {losses: 2, matchesPlayed: 3, roundsLost: 15, draws: 0, roundsWon: 14} @ http://localhost:8765/js/app.js:629
[   47303ms] [LOG] Team Gaurav/Akash stats: {losses: 8, matchesPlayed: 19, draws: 0, roundsLost: 95, roundsWon: 79} @ http://localhost:8765/js/app.js:629
[   47303ms] [LOG] Team Alegeus stars stats: {roundsLost: 6, draws: 0, roundsWon: 2, matchesPlayed: 1, losses: 1} @ http://localhost:8765/js/app.js:629
[   47303ms] [LOG] Team Gaurav/ Palash stats: {points: 0, wins: 0, totalScore: 36, matchesPlayed: 1, losses: 1} @ http://localhost:8765/js/app.js:629
[   47303ms] [LOG] Team KorbaGang stats: {wins: 8, points: 24, totalScore: 7460, matchesPlayed: 19, losses: 11} @ http://localhost:8765/js/app.js:629
[   47303ms] [LOG] Team K2-G stats: {matchesPlayed: 1, losses: 0, roundsWon: 6, roundsLost: 2, draws: 0} @ http://localhost:8765/js/app.js:629
[   47303ms] [LOG] Team Sky/K2 stats: {points: 3, wins: 1, totalScore: 552, matchesPlayed: 1, losses: 0} @ http://localhost:8765/js/app.js:629
[   48024ms] [LOG] Team statistics updated successfully @ http://localhost:8765/js/services/matchService.js:293
[   48933ms] [LOG] Received real-time update for teams: [Object, Object, Object, Object, Object, Object, Object, Object, Object, Object] @ http://localhost:8765/js/app.js:1566
[   48936ms] [LOG] Received real-time update for teams: [Object, Object, Object, Object, Object, Object, Object, Object, Object, Object] @ http://localhost:8765/js/app.js:1566
[   48938ms] [LOG] Teams retrieved: [Object, Object, Object, Object, Object, Object, Object, Object, Object, Object] @ http://localhost:8765/js/app.js:603
[   48938ms] [LOG] Team Coke stats: {totalScore: 0, points: 0, wins: 0, draws: 0, roundsLost: 0} @ http://localhost:8765/js/app.js:629
[   48938ms] [LOG] Team Sprite stats: {roundsLost: 0, draws: 0, roundsWon: 0, matchesPlayed: 0, losses: 0} @ http://localhost:8765/js/app.js:629
[   48938ms] [LOG] Team AlphaStark stats: {wins: 3, points: 9, totalScore: 1845, matchesPlayed: 4, losses: 1} @ http://localhost:8765/js/app.js:629
[   48938ms] [LOG] Team SkySage stats: {roundsLost: 21, draws: 0, roundsWon: 17, losses: 3, matchesPlayed: 4} @ http://localhost:8765/js/app.js:629
[   48938ms] [LOG] Team Gaurav/Akash stats: {losses: 8, matchesPlayed: 19, draws: 0, roundsLost: 95, roundsWon: 79} @ http://localhost:8765/js/app.js:629
[   48938ms] [LOG] Team Alegeus stars stats: {roundsLost: 6, draws: 0, roundsWon: 2, matchesPlayed: 1, losses: 1} @ http://localhost:8765/js/app.js:629
[   48938ms] [LOG] Team Gaurav/ Palash stats: {points: 0, wins: 0, totalScore: 36, matchesPlayed: 1, losses: 1} @ http://localhost:8765/js/app.js:629
[   48938ms] [LOG] Team KorbaGang stats: {wins: 8, points: 24, totalScore: 7460, matchesPlayed: 19, losses: 11} @ http://localhost:8765/js/app.js:629
[   48938ms] [LOG] Team K2-G stats: {matchesPlayed: 1, losses: 0, roundsWon: 6, roundsLost: 2, draws: 0} @ http://localhost:8765/js/app.js:629
[   48938ms] [LOG] Team Sky/K2 stats: {points: 3, wins: 1, totalScore: 552, matchesPlayed: 1, losses: 0} @ http://localhost:8765/js/app.js:629
[   48941ms] [LOG] Teams retrieved: [Object, Object, Object, Object, Object, Object, Object, Object, Object, Object] @ http://localhost:8765/js/app.js:603
[   48941ms] [LOG] Team Coke stats: {totalScore: 0, points: 0, wins: 0, draws: 0, roundsLost: 0} @ http://localhost:8765/js/app.js:629
[   48941ms] [LOG] Team Sprite stats: {roundsLost: 0, draws: 0, roundsWon: 0, matchesPlayed: 0, losses: 0} @ http://localhost:8765/js/app.js:629
[   48941ms] [LOG] Team AlphaStark stats: {wins: 3, points: 9, totalScore: 1845, matchesPlayed: 4, losses: 1} @ http://localhost:8765/js/app.js:629
[   48941ms] [LOG] Team SkySage stats: {roundsLost: 21, draws: 0, roundsWon: 17, losses: 3, matchesPlayed: 4} @ http://localhost:8765/js/app.js:629
[   48941ms] [LOG] Team Gaurav/Akash stats: {losses: 8, matchesPlayed: 19, draws: 0, roundsLost: 95, roundsWon: 79} @ http://localhost:8765/js/app.js:629
[   48941ms] [LOG] Team Alegeus stars stats: {roundsLost: 6, draws: 0, roundsWon: 2, matchesPlayed: 1, losses: 1} @ http://localhost:8765/js/app.js:629
[   48941ms] [LOG] Team Gaurav/ Palash stats: {points: 0, wins: 0, totalScore: 36, matchesPlayed: 1, losses: 1} @ http://localhost:8765/js/app.js:629
[   48941ms] [LOG] Team KorbaGang stats: {wins: 8, points: 24, totalScore: 7460, matchesPlayed: 19, losses: 11} @ http://localhost:8765/js/app.js:629
[   48941ms] [LOG] Team K2-G stats: {matchesPlayed: 1, losses: 0, roundsWon: 6, roundsLost: 2, draws: 0} @ http://localhost:8765/js/app.js:629
[   48941ms] [LOG] Team Sky/K2 stats: {points: 3, wins: 1, totalScore: 552, matchesPlayed: 1, losses: 0} @ http://localhost:8765/js/app.js:629
[   49766ms] [LOG] Team statistics updated successfully @ http://localhost:8765/js/services/matchService.js:293
[   50052ms] [LOG] Saved auth state: {isAuthenticated: true, authKey: redtoto} @ http://localhost:8765/js/utils/storage.js:126
[   50597ms] [LOG] Received real-time update for teams: [Object, Object, Object, Object, Object, Object, Object, Object, Object, Object] @ http://localhost:8765/js/app.js:1566
[   50600ms] [LOG] Received real-time update for teams: [Object, Object, Object, Object, Object, Object, Object, Object, Object, Object] @ http://localhost:8765/js/app.js:1566
[   50601ms] [LOG] Teams retrieved: [Object, Object, Object, Object, Object, Object, Object, Object, Object, Object] @ http://localhost:8765/js/app.js:603
[   50601ms] [LOG] Team Coke stats: {totalScore: 0, points: 0, wins: 0, draws: 0, roundsLost: 0} @ http://localhost:8765/js/app.js:629
[   50601ms] [LOG] Team Sprite stats: {roundsLost: 0, draws: 0, roundsWon: 0, matchesPlayed: 0, losses: 0} @ http://localhost:8765/js/app.js:629
[   50601ms] [LOG] Team AlphaStark stats: {roundsLost: 17, draws: 0, roundsWon: 21, matchesPlayed: 4, losses: 1} @ http://localhost:8765/js/app.js:629
[   50601ms] [LOG] Team SkySage stats: {points: 3, wins: 1, totalScore: 1325, matchesPlayed: 4, losses: 3} @ http://localhost:8765/js/app.js:629
[   50601ms] [LOG] Team Gaurav/Akash stats: {losses: 9, matchesPlayed: 20, draws: 0, roundsLost: 100, roundsWon: 83} @ http://localhost:8765/js/app.js:629
[   50601ms] [LOG] Team Alegeus stars stats: {roundsLost: 10, draws: 0, roundsWon: 7, matchesPlayed: 2, losses: 1} @ http://localhost:8765/js/app.js:629
[   50601ms] [LOG] Team Gaurav/ Palash stats: {points: 0, wins: 0, totalScore: 36, matchesPlayed: 1, losses: 1} @ http://localhost:8765/js/app.js:629
[   50601ms] [LOG] Team KorbaGang stats: {wins: 8, points: 24, totalScore: 7460, matchesPlayed: 19, losses: 11} @ http://localhost:8765/js/app.js:629
[   50601ms] [LOG] Team K2-G stats: {matchesPlayed: 1, losses: 0, roundsWon: 6, roundsLost: 2, draws: 0} @ http://localhost:8765/js/app.js:629
[   50601ms] [LOG] Team Sky/K2 stats: {points: 3, wins: 1, totalScore: 552, matchesPlayed: 1, losses: 0} @ http://localhost:8765/js/app.js:629
[   50603ms] [LOG] Teams retrieved: [Object, Object, Object, Object, Object, Object, Object, Object, Object, Object] @ http://localhost:8765/js/app.js:603
[   50603ms] [LOG] Team Coke stats: {totalScore: 0, points: 0, wins: 0, draws: 0, roundsLost: 0} @ http://localhost:8765/js/app.js:629
[   50603ms] [LOG] Team Sprite stats: {roundsLost: 0, draws: 0, roundsWon: 0, matchesPlayed: 0, losses: 0} @ http://localhost:8765/js/app.js:629
[   50603ms] [LOG] Team AlphaStark stats: {roundsLost: 17, draws: 0, roundsWon: 21, matchesPlayed: 4, losses: 1} @ http://localhost:8765/js/app.js:629
[   50603ms] [LOG] Team SkySage stats: {points: 3, wins: 1, totalScore: 1325, matchesPlayed: 4, losses: 3} @ http://localhost:8765/js/app.js:629
[   50603ms] [LOG] Team Gaurav/Akash stats: {losses: 9, matchesPlayed: 20, draws: 0, roundsLost: 100, roundsWon: 83} @ http://localhost:8765/js/app.js:629
[   50603ms] [LOG] Team Alegeus stars stats: {roundsLost: 10, draws: 0, roundsWon: 7, matchesPlayed: 2, losses: 1} @ http://localhost:8765/js/app.js:629
[   50603ms] [LOG] Team Gaurav/ Palash stats: {points: 0, wins: 0, totalScore: 36, matchesPlayed: 1, losses: 1} @ http://localhost:8765/js/app.js:629
[   50603ms] [LOG] Team KorbaGang stats: {wins: 8, points: 24, totalScore: 7460, matchesPlayed: 19, losses: 11} @ http://localhost:8765/js/app.js:629
[   50603ms] [LOG] Team K2-G stats: {matchesPlayed: 1, losses: 0, roundsWon: 6, roundsLost: 2, draws: 0} @ http://localhost:8765/js/app.js:629
[   50603ms] [LOG] Team Sky/K2 stats: {points: 3, wins: 1, totalScore: 552, matchesPlayed: 1, losses: 0} @ http://localhost:8765/js/app.js:629
[   51342ms] [LOG] Team statistics updated successfully @ http://localhost:8765/js/services/matchService.js:293
[   52152ms] [LOG] Received real-time update for teams: [Object, Object, Object, Object, Object, Object, Object, Object, Object, Object] @ http://localhost:8765/js/app.js:1566
[   52153ms] [LOG] Received real-time update for teams: [Object, Object, Object, Object, Object, Object, Object, Object, Object, Object] @ http://localhost:8765/js/app.js:1566
[   52154ms] [LOG] Teams retrieved: [Object, Object, Object, Object, Object, Object, Object, Object, Object, Object] @ http://localhost:8765/js/app.js:603
[   52154ms] [LOG] Team Coke stats: {totalScore: 0, points: 0, wins: 0, draws: 0, roundsLost: 0} @ http://localhost:8765/js/app.js:629
[   52154ms] [LOG] Team Sprite stats: {roundsLost: 0, draws: 0, roundsWon: 0, matchesPlayed: 0, losses: 0} @ http://localhost:8765/js/app.js:629
[   52154ms] [LOG] Team AlphaStark stats: {roundsLost: 23, draws: 0, roundsWon: 25, matchesPlayed: 5, losses: 2} @ http://localhost:8765/js/app.js:629
[   52154ms] [LOG] Team SkySage stats: {points: 6, wins: 2, totalScore: 1856, matchesPlayed: 5, losses: 3} @ http://localhost:8765/js/app.js:629
[   52154ms] [LOG] Team Gaurav/Akash stats: {wins: 11, points: 33, totalScore: 7300, matchesPlayed: 20, losses: 9} @ http://localhost:8765/js/app.js:629
[   52154ms] [LOG] Team Alegeus stars stats: {roundsWon: 7, roundsLost: 10, draws: 0, losses: 1, matchesPlayed: 2} @ http://localhost:8765/js/app.js:629
[   52154ms] [LOG] Team Gaurav/ Palash stats: {points: 0, wins: 0, totalScore: 36, matchesPlayed: 1, losses: 1} @ http://localhost:8765/js/app.js:629
[   52154ms] [LOG] Team KorbaGang stats: {wins: 8, points: 24, totalScore: 7460, matchesPlayed: 19, losses: 11} @ http://localhost:8765/js/app.js:629
[   52154ms] [LOG] Team K2-G stats: {matchesPlayed: 1, losses: 0, roundsWon: 6, roundsLost: 2, draws: 0} @ http://localhost:8765/js/app.js:629
[   52154ms] [LOG] Team Sky/K2 stats: {points: 3, wins: 1, totalScore: 552, matchesPlayed: 1, losses: 0} @ http://localhost:8765/js/app.js:629
[   52156ms] [LOG] Teams retrieved: [Object, Object, Object, Object, Object, Object, Object, Object, Object, Object] @ http://localhost:8765/js/app.js:603
[   52156ms] [LOG] Team Coke stats: {totalScore: 0, points: 0, wins: 0, draws: 0, roundsLost: 0} @ http://localhost:8765/js/app.js:629
[   52156ms] [LOG] Team Sprite stats: {roundsLost: 0, draws: 0, roundsWon: 0, matchesPlayed: 0, losses: 0} @ http://localhost:8765/js/app.js:629
[   52157ms] [LOG] Team AlphaStark stats: {roundsLost: 23, draws: 0, roundsWon: 25, matchesPlayed: 5, losses: 2} @ http://localhost:8765/js/app.js:629
[   52157ms] [LOG] Team SkySage stats: {points: 6, wins: 2, totalScore: 1856, matchesPlayed: 5, losses: 3} @ http://localhost:8765/js/app.js:629
[   52157ms] [LOG] Team Gaurav/Akash stats: {wins: 11, points: 33, totalScore: 7300, matchesPlayed: 20, losses: 9} @ http://localhost:8765/js/app.js:629
[   52157ms] [LOG] Team Alegeus stars stats: {roundsWon: 7, roundsLost: 10, draws: 0, losses: 1, matchesPlayed: 2} @ http://localhost:8765/js/app.js:629
[   52157ms] [LOG] Team Gaurav/ Palash stats: {points: 0, wins: 0, totalScore: 36, matchesPlayed: 1, losses: 1} @ http://localhost:8765/js/app.js:629
[   52157ms] [LOG] Team KorbaGang stats: {wins: 8, points: 24, totalScore: 7460, matchesPlayed: 19, losses: 11} @ http://localhost:8765/js/app.js:629
[   52157ms] [LOG] Team K2-G stats: {matchesPlayed: 1, losses: 0, roundsWon: 6, roundsLost: 2, draws: 0} @ http://localhost:8765/js/app.js:629
[   52157ms] [LOG] Team Sky/K2 stats: {points: 3, wins: 1, totalScore: 552, matchesPlayed: 1, losses: 0} @ http://localhost:8765/js/app.js:629
[   52867ms] [LOG] Team statistics updated successfully @ http://localhost:8765/js/services/matchService.js:293
[   53689ms] [LOG] Received real-time update for teams: [Object, Object, Object, Object, Object, Object, Object, Object, Object, Object] @ http://localhost:8765/js/app.js:1566
[   53690ms] [LOG] Received real-time update for teams: [Object, Object, Object, Object, Object, Object, Object, Object, Object, Object] @ http://localhost:8765/js/app.js:1566
[   53691ms] [LOG] Teams retrieved: [Object, Object, Object, Object, Object, Object, Object, Object, Object, Object] @ http://localhost:8765/js/app.js:603
[   53691ms] [LOG] Team Coke stats: {totalScore: 0, points: 0, wins: 0, draws: 0, roundsLost: 0} @ http://localhost:8765/js/app.js:629
[   53691ms] [LOG] Team Sprite stats: {roundsLost: 0, draws: 0, roundsWon: 0, matchesPlayed: 0, losses: 0} @ http://localhost:8765/js/app.js:629
[   53691ms] [LOG] Team AlphaStark stats: {totalScore: 2015, wins: 3, points: 9, roundsWon: 25, roundsLost: 23} @ http://localhost:8765/js/app.js:629
[   53691ms] [LOG] Team SkySage stats: {totalScore: 1856, wins: 2, points: 6, roundsLost: 25, draws: 0} @ http://localhost:8765/js/app.js:629
[   53691ms] [LOG] Team Gaurav/Akash stats: {wins: 12, points: 36, totalScore: 7822, matchesPlayed: 21, losses: 9} @ http://localhost:8765/js/app.js:629
[   53691ms] [LOG] Team Alegeus stars stats: {roundsWon: 9, roundsLost: 17, draws: 0, losses: 2, matchesPlayed: 3} @ http://localhost:8765/js/app.js:629
[   53691ms] [LOG] Team Gaurav/ Palash stats: {points: 0, wins: 0, totalScore: 36, matchesPlayed: 1, losses: 1} @ http://localhost:8765/js/app.js:629
[   53691ms] [LOG] Team KorbaGang stats: {wins: 8, points: 24, totalScore: 7460, matchesPlayed: 19, losses: 11} @ http://localhost:8765/js/app.js:629
[   53691ms] [LOG] Team K2-G stats: {matchesPlayed: 1, losses: 0, roundsWon: 6, roundsLost: 2, draws: 0} @ http://localhost:8765/js/app.js:629
[   53691ms] [LOG] Team Sky/K2 stats: {points: 3, wins: 1, totalScore: 552, matchesPlayed: 1, losses: 0} @ http://localhost:8765/js/app.js:629
[   53696ms] [LOG] Teams retrieved: [Object, Object, Object, Object, Object, Object, Object, Object, Object, Object] @ http://localhost:8765/js/app.js:603
[   53696ms] [LOG] Team Coke stats: {totalScore: 0, points: 0, wins: 0, draws: 0, roundsLost: 0} @ http://localhost:8765/js/app.js:629
[   53696ms] [LOG] Team Sprite stats: {roundsLost: 0, draws: 0, roundsWon: 0, matchesPlayed: 0, losses: 0} @ http://localhost:8765/js/app.js:629
[   53696ms] [LOG] Team AlphaStark stats: {totalScore: 2015, wins: 3, points: 9, roundsWon: 25, roundsLost: 23} @ http://localhost:8765/js/app.js:629
[   53696ms] [LOG] Team SkySage stats: {totalScore: 1856, wins: 2, points: 6, roundsLost: 25, draws: 0} @ http://localhost:8765/js/app.js:629
[   53696ms] [LOG] Team Gaurav/Akash stats: {wins: 12, points: 36, totalScore: 7822, matchesPlayed: 21, losses: 9} @ http://localhost:8765/js/app.js:629
[   53696ms] [LOG] Team Alegeus stars stats: {roundsWon: 9, roundsLost: 17, draws: 0, losses: 2, matchesPlayed: 3} @ http://localhost:8765/js/app.js:629
[   53696ms] [LOG] Team Gaurav/ Palash stats: {points: 0, wins: 0, totalScore: 36, matchesPlayed: 1, losses: 1} @ http://localhost:8765/js/app.js:629
[   53696ms] [LOG] Team KorbaGang stats: {wins: 8, points: 24, totalScore: 7460, matchesPlayed: 19, losses: 11} @ http://localhost:8765/js/app.js:629
[   53696ms] [LOG] Team K2-G stats: {matchesPlayed: 1, losses: 0, roundsWon: 6, roundsLost: 2, draws: 0} @ http://localhost:8765/js/app.js:629
[   53696ms] [LOG] Team Sky/K2 stats: {points: 3, wins: 1, totalScore: 552, matchesPlayed: 1, losses: 0} @ http://localhost:8765/js/app.js:629
[   54425ms] [LOG] Team statistics updated successfully @ http://localhost:8765/js/services/matchService.js:293
[   55327ms] [LOG] Received real-time update for teams: [Object, Object, Object, Object, Object, Object, Object, Object, Object, Object] @ http://localhost:8765/js/app.js:1566
[   55328ms] [LOG] Received real-time update for teams: [Object, Object, Object, Object, Object, Object, Object, Object, Object, Object] @ http://localhost:8765/js/app.js:1566
[   55329ms] [LOG] Teams retrieved: [Object, Object, Object, Object, Object, Object, Object, Object, Object, Object] @ http://localhost:8765/js/app.js:603
[   55330ms] [LOG] Team Coke stats: {totalScore: 0, points: 0, wins: 0, draws: 0, roundsLost: 0} @ http://localhost:8765/js/app.js:629
[   55330ms] [LOG] Team Sprite stats: {roundsLost: 0, draws: 0, roundsWon: 0, matchesPlayed: 0, losses: 0} @ http://localhost:8765/js/app.js:629
[   55330ms] [LOG] Team AlphaStark stats: {totalScore: 2015, wins: 3, points: 9, roundsWon: 25, roundsLost: 23} @ http://localhost:8765/js/app.js:629
[   55330ms] [LOG] Team SkySage stats: {totalScore: 1856, wins: 2, points: 6, roundsLost: 25, draws: 0} @ http://localhost:8765/js/app.js:629
[   55330ms] [LOG] Team Gaurav/Akash stats: {losses: 10, matchesPlayed: 22, roundsWon: 93, draws: 0, roundsLost: 107} @ http://localhost:8765/js/app.js:629
[   55330ms] [LOG] Team Alegeus stars stats: {matchesPlayed: 4, losses: 2, roundsLost: 20, draws: 0, roundsWon: 14} @ http://localhost:8765/js/app.js:629
[   55330ms] [LOG] Team Gaurav/ Palash stats: {points: 0, wins: 0, totalScore: 36, matchesPlayed: 1, losses: 1} @ http://localhost:8765/js/app.js:629
[   55330ms] [LOG] Team KorbaGang stats: {wins: 8, points: 24, totalScore: 7460, matchesPlayed: 19, losses: 11} @ http://localhost:8765/js/app.js:629
[   55330ms] [LOG] Team K2-G stats: {matchesPlayed: 1, losses: 0, roundsWon: 6, roundsLost: 2, draws: 0} @ http://localhost:8765/js/app.js:629
[   55330ms] [LOG] Team Sky/K2 stats: {points: 3, wins: 1, totalScore: 552, matchesPlayed: 1, losses: 0} @ http://localhost:8765/js/app.js:629
[   55332ms] [LOG] Teams retrieved: [Object, Object, Object, Object, Object, Object, Object, Object, Object, Object] @ http://localhost:8765/js/app.js:603
[   55332ms] [LOG] Team Coke stats: {totalScore: 0, points: 0, wins: 0, draws: 0, roundsLost: 0} @ http://localhost:8765/js/app.js:629
[   55332ms] [LOG] Team Sprite stats: {roundsLost: 0, draws: 0, roundsWon: 0, matchesPlayed: 0, losses: 0} @ http://localhost:8765/js/app.js:629
[   55332ms] [LOG] Team AlphaStark stats: {totalScore: 2015, wins: 3, points: 9, roundsWon: 25, roundsLost: 23} @ http://localhost:8765/js/app.js:629
[   55332ms] [LOG] Team SkySage stats: {totalScore: 1856, wins: 2, points: 6, roundsLost: 25, draws: 0} @ http://localhost:8765/js/app.js:629
[   55332ms] [LOG] Team Gaurav/Akash stats: {losses: 10, matchesPlayed: 22, roundsWon: 93, draws: 0, roundsLost: 107} @ http://localhost:8765/js/app.js:629
[   55332ms] [LOG] Team Alegeus stars stats: {matchesPlayed: 4, losses: 2, roundsLost: 20, draws: 0, roundsWon: 14} @ http://localhost:8765/js/app.js:629
[   55332ms] [LOG] Team Gaurav/ Palash stats: {points: 0, wins: 0, totalScore: 36, matchesPlayed: 1, losses: 1} @ http://localhost:8765/js/app.js:629
[   55332ms] [LOG] Team KorbaGang stats: {wins: 8, points: 24, totalScore: 7460, matchesPlayed: 19, losses: 11} @ http://localhost:8765/js/app.js:629
[   55332ms] [LOG] Team K2-G stats: {matchesPlayed: 1, losses: 0, roundsWon: 6, roundsLost: 2, draws: 0} @ http://localhost:8765/js/app.js:629
[   55332ms] [LOG] Team Sky/K2 stats: {points: 3, wins: 1, totalScore: 552, matchesPlayed: 1, losses: 0} @ http://localhost:8765/js/app.js:629
[   56071ms] [LOG] Team statistics updated successfully @ http://localhost:8765/js/services/matchService.js:293
[   56837ms] [LOG] Received real-time update for teams: [Object, Object, Object, Object, Object, Object, Object, Object, Object, Object] @ http://localhost:8765/js/app.js:1566
[   56838ms] [LOG] Received real-time update for teams: [Object, Object, Object, Object, Object, Object, Object, Object, Object, Object] @ http://localhost:8765/js/app.js:1566
[   56839ms] [LOG] Teams retrieved: [Object, Object, Object, Object, Object, Object, Object, Object, Object, Object] @ http://localhost:8765/js/app.js:603
[   56839ms] [LOG] Team Coke stats: {totalScore: 153, points: 0, wins: 0, draws: 0, roundsLost: 4} @ http://localhost:8765/js/app.js:629
[   56839ms] [LOG] Team Sprite stats: {roundsLost: 5, draws: 0, roundsWon: 4, matchesPlayed: 1, losses: 0} @ http://localhost:8765/js/app.js:629
[   56839ms] [LOG] Team AlphaStark stats: {totalScore: 2015, wins: 3, points: 9, roundsWon: 25, roundsLost: 23} @ http://localhost:8765/js/app.js:629
[   56839ms] [LOG] Team SkySage stats: {totalScore: 1856, wins: 2, points: 6, roundsLost: 25, draws: 0} @ http://localhost:8765/js/app.js:629
[   56840ms] [LOG] Team Gaurav/Akash stats: {roundsWon: 93, draws: 0, roundsLost: 107, matchesPlayed: 22, losses: 10} @ http://localhost:8765/js/app.js:629
[   56840ms] [LOG] Team Alegeus stars stats: {losses: 2, matchesPlayed: 4, draws: 0, roundsLost: 20, roundsWon: 14} @ http://localhost:8765/js/app.js:629
[   56840ms] [LOG] Team Gaurav/ Palash stats: {points: 0, wins: 0, totalScore: 36, matchesPlayed: 1, losses: 1} @ http://localhost:8765/js/app.js:629
[   56840ms] [LOG] Team KorbaGang stats: {wins: 8, points: 24, totalScore: 7460, matchesPlayed: 19, losses: 11} @ http://localhost:8765/js/app.js:629
[   56840ms] [LOG] Team K2-G stats: {matchesPlayed: 1, losses: 0, roundsWon: 6, roundsLost: 2, draws: 0} @ http://localhost:8765/js/app.js:629
[   56840ms] [LOG] Team Sky/K2 stats: {points: 3, wins: 1, totalScore: 552, matchesPlayed: 1, losses: 0} @ http://localhost:8765/js/app.js:629
[   56842ms] [LOG] Teams retrieved: [Object, Object, Object, Object, Object, Object, Object, Object, Object, Object] @ http://localhost:8765/js/app.js:603
[   56842ms] [LOG] Team Coke stats: {totalScore: 153, points: 0, wins: 0, draws: 0, roundsLost: 4} @ http://localhost:8765/js/app.js:629
[   56842ms] [LOG] Team Sprite stats: {roundsLost: 5, draws: 0, roundsWon: 4, matchesPlayed: 1, losses: 0} @ http://localhost:8765/js/app.js:629
[   56842ms] [LOG] Team AlphaStark stats: {totalScore: 2015, wins: 3, points: 9, roundsWon: 25, roundsLost: 23} @ http://localhost:8765/js/app.js:629
[   56842ms] [LOG] Team SkySage stats: {totalScore: 1856, wins: 2, points: 6, roundsLost: 25, draws: 0} @ http://localhost:8765/js/app.js:629
[   56842ms] [LOG] Team Gaurav/Akash stats: {roundsWon: 93, draws: 0, roundsLost: 107, matchesPlayed: 22, losses: 10} @ http://localhost:8765/js/app.js:629
[   56842ms] [LOG] Team Alegeus stars stats: {losses: 2, matchesPlayed: 4, draws: 0, roundsLost: 20, roundsWon: 14} @ http://localhost:8765/js/app.js:629
[   56842ms] [LOG] Team Gaurav/ Palash stats: {points: 0, wins: 0, totalScore: 36, matchesPlayed: 1, losses: 1} @ http://localhost:8765/js/app.js:629
[   56842ms] [LOG] Team KorbaGang stats: {wins: 8, points: 24, totalScore: 7460, matchesPlayed: 19, losses: 11} @ http://localhost:8765/js/app.js:629
[   56842ms] [LOG] Team K2-G stats: {matchesPlayed: 1, losses: 0, roundsWon: 6, roundsLost: 2, draws: 0} @ http://localhost:8765/js/app.js:629
[   56842ms] [LOG] Team Sky/K2 stats: {points: 3, wins: 1, totalScore: 552, matchesPlayed: 1, losses: 0} @ http://localhost:8765/js/app.js:629
[   57563ms] [LOG] Team statistics updated successfully @ http://localhost:8765/js/services/matchService.js:293
[   58339ms] [LOG] Received real-time update for teams: [Object, Object, Object, Object, Object, Object, Object, Object, Object, Object] @ http://localhost:8765/js/app.js:1566
[   58340ms] [LOG] Received real-time update for teams: [Object, Object, Object, Object, Object, Object, Object, Object, Object, Object] @ http://localhost:8765/js/app.js:1566
[   58342ms] [LOG] Teams retrieved: [Object, Object, Object, Object, Object, Object, Object, Object, Object, Object] @ http://localhost:8765/js/app.js:603
[   58342ms] [LOG] Team Coke stats: {roundsLost: 4, draws: 0, roundsWon: 5, losses: 1, matchesPlayed: 1} @ http://localhost:8765/js/app.js:629
[   58342ms] [LOG] Team Sprite stats: {totalScore: 520, points: 3, wins: 1, roundsWon: 4, draws: 0} @ http://localhost:8765/js/app.js:629
[   58342ms] [LOG] Team AlphaStark stats: {totalScore: 2579, wins: 4, points: 12, roundsWon: 28, roundsLost: 26} @ http://localhost:8765/js/app.js:629
[   58342ms] [LOG] Team SkySage stats: {totalScore: 2229, wins: 2, points: 6, roundsLost: 28, draws: 0} @ http://localhost:8765/js/app.js:629
[   58342ms] [LOG] Team Gaurav/Akash stats: {roundsWon: 93, draws: 0, roundsLost: 107, matchesPlayed: 22, losses: 10} @ http://localhost:8765/js/app.js:629
[   58342ms] [LOG] Team Alegeus stars stats: {losses: 2, matchesPlayed: 4, draws: 0, roundsLost: 20, roundsWon: 14} @ http://localhost:8765/js/app.js:629
[   58342ms] [LOG] Team Gaurav/ Palash stats: {points: 0, wins: 0, totalScore: 36, matchesPlayed: 1, losses: 1} @ http://localhost:8765/js/app.js:629
[   58342ms] [LOG] Team KorbaGang stats: {wins: 8, points: 24, totalScore: 7460, matchesPlayed: 19, losses: 11} @ http://localhost:8765/js/app.js:629
[   58342ms] [LOG] Team K2-G stats: {matchesPlayed: 1, losses: 0, roundsWon: 6, roundsLost: 2, draws: 0} @ http://localhost:8765/js/app.js:629
[   58343ms] [LOG] Team Sky/K2 stats: {points: 3, wins: 1, totalScore: 552, matchesPlayed: 1, losses: 0} @ http://localhost:8765/js/app.js:629
[   58344ms] [LOG] Teams retrieved: [Object, Object, Object, Object, Object, Object, Object, Object, Object, Object] @ http://localhost:8765/js/app.js:603
[   58344ms] [LOG] Team Coke stats: {roundsLost: 4, draws: 0, roundsWon: 5, losses: 1, matchesPlayed: 1} @ http://localhost:8765/js/app.js:629
[   58344ms] [LOG] Team Sprite stats: {totalScore: 520, points: 3, wins: 1, roundsWon: 4, draws: 0} @ http://localhost:8765/js/app.js:629
[   58344ms] [LOG] Team AlphaStark stats: {totalScore: 2579, wins: 4, points: 12, roundsWon: 28, roundsLost: 26} @ http://localhost:8765/js/app.js:629
[   58344ms] [LOG] Team SkySage stats: {totalScore: 2229, wins: 2, points: 6, roundsLost: 28, draws: 0} @ http://localhost:8765/js/app.js:629
[   58344ms] [LOG] Team Gaurav/Akash stats: {roundsWon: 93, draws: 0, roundsLost: 107, matchesPlayed: 22, losses: 10} @ http://localhost:8765/js/app.js:629
[   58344ms] [LOG] Team Alegeus stars stats: {losses: 2, matchesPlayed: 4, draws: 0, roundsLost: 20, roundsWon: 14} @ http://localhost:8765/js/app.js:629
[   58344ms] [LOG] Team Gaurav/ Palash stats: {points: 0, wins: 0, totalScore: 36, matchesPlayed: 1, losses: 1} @ http://localhost:8765/js/app.js:629
[   58344ms] [LOG] Team KorbaGang stats: {wins: 8, points: 24, totalScore: 7460, matchesPlayed: 19, losses: 11} @ http://localhost:8765/js/app.js:629
[   58344ms] [LOG] Team K2-G stats: {matchesPlayed: 1, losses: 0, roundsWon: 6, roundsLost: 2, draws: 0} @ http://localhost:8765/js/app.js:629
[   58344ms] [LOG] Team Sky/K2 stats: {points: 3, wins: 1, totalScore: 552, matchesPlayed: 1, losses: 0} @ http://localhost:8765/js/app.js:629
[   59057ms] [LOG] Team statistics updated successfully @ http://localhost:8765/js/services/matchService.js:293
[   59885ms] [LOG] Received real-time update for teams: [Object, Object, Object, Object, Object, Object, Object, Object, Object, Object] @ http://localhost:8765/js/app.js:1566
[   59886ms] [LOG] Received real-time update for teams: [Object, Object, Object, Object, Object, Object, Object, Object, Object, Object] @ http://localhost:8765/js/app.js:1566
[   59887ms] [LOG] Teams retrieved: [Object, Object, Object, Object, Object, Object, Object, Object, Object, Object] @ http://localhost:8765/js/app.js:603
[   59887ms] [LOG] Team Coke stats: {roundsLost: 4, draws: 0, roundsWon: 5, losses: 1, matchesPlayed: 1} @ http://localhost:8765/js/app.js:629
[   59887ms] [LOG] Team Sprite stats: {totalScore: 520, points: 3, wins: 1, roundsWon: 4, draws: 0} @ http://localhost:8765/js/app.js:629
[   59887ms] [LOG] Team AlphaStark stats: {totalScore: 3074, points: 12, wins: 4, roundsLost: 31, draws: 0} @ http://localhost:8765/js/app.js:629
[   59887ms] [LOG] Team SkySage stats: {totalScore: 2730, wins: 3, points: 9, roundsWon: 31, draws: 0} @ http://localhost:8765/js/app.js:629
[   59887ms] [LOG] Team Gaurav/Akash stats: {roundsWon: 93, draws: 0, roundsLost: 107, matchesPlayed: 22, losses: 10} @ http://localhost:8765/js/app.js:629
[   59887ms] [LOG] Team Alegeus stars stats: {losses: 2, matchesPlayed: 4, draws: 0, roundsLost: 20, roundsWon: 14} @ http://localhost:8765/js/app.js:629
[   59887ms] [LOG] Team Gaurav/ Palash stats: {points: 0, wins: 0, totalScore: 36, matchesPlayed: 1, losses: 1} @ http://localhost:8765/js/app.js:629
[   59887ms] [LOG] Team KorbaGang stats: {wins: 8, points: 24, totalScore: 7460, matchesPlayed: 19, losses: 11} @ http://localhost:8765/js/app.js:629
[   59887ms] [LOG] Team K2-G stats: {matchesPlayed: 1, losses: 0, roundsWon: 6, roundsLost: 2, draws: 0} @ http://localhost:8765/js/app.js:629
[   59887ms] [LOG] Team Sky/K2 stats: {points: 3, wins: 1, totalScore: 552, matchesPlayed: 1, losses: 0} @ http://localhost:8765/js/app.js:629
[   59889ms] [LOG] Teams retrieved: [Object, Object, Object, Object, Object, Object, Object, Object, Object, Object] @ http://localhost:8765/js/app.js:603
[   59889ms] [LOG] Team Coke stats: {roundsLost: 4, draws: 0, roundsWon: 5, losses: 1, matchesPlayed: 1} @ http://localhost:8765/js/app.js:629
[   59889ms] [LOG] Team Sprite stats: {totalScore: 520, points: 3, wins: 1, roundsWon: 4, draws: 0} @ http://localhost:8765/js/app.js:629
[   59889ms] [LOG] Team AlphaStark stats: {totalScore: 3074, points: 12, wins: 4, roundsLost: 31, draws: 0} @ http://localhost:8765/js/app.js:629
[   59889ms] [LOG] Team SkySage stats: {totalScore: 2730, wins: 3, points: 9, roundsWon: 31, draws: 0} @ http://localhost:8765/js/app.js:629
[   59889ms] [LOG] Team Gaurav/Akash stats: {roundsWon: 93, draws: 0, roundsLost: 107, matchesPlayed: 22, losses: 10} @ http://localhost:8765/js/app.js:629
[   59889ms] [LOG] Team Alegeus stars stats: {losses: 2, matchesPlayed: 4, draws: 0, roundsLost: 20, roundsWon: 14} @ http://localhost:8765/js/app.js:629
[   59889ms] [LOG] Team Gaurav/ Palash stats: {points: 0, wins: 0, totalScore: 36, matchesPlayed: 1, losses: 1} @ http://localhost:8765/js/app.js:629
[   59889ms] [LOG] Team KorbaGang stats: {wins: 8, points: 24, totalScore: 7460, matchesPlayed: 19, losses: 11} @ http://localhost:8765/js/app.js:629
[   59889ms] [LOG] Team K2-G stats: {matchesPlayed: 1, losses: 0, roundsWon: 6, roundsLost: 2, draws: 0} @ http://localhost:8765/js/app.js:629
[   59889ms] [LOG] Team Sky/K2 stats: {points: 3, wins: 1, totalScore: 552, matchesPlayed: 1, losses: 0} @ http://localhost:8765/js/app.js:629
[   60586ms] [LOG] Team statistics updated successfully @ http://localhost:8765/js/services/matchService.js:293
[   61629ms] [LOG] Received real-time update for teams: [Object, Object, Object, Object, Object, Object, Object, Object, Object, Object] @ http://localhost:8765/js/app.js:1566
[   61630ms] [LOG] Received real-time update for teams: [Object, Object, Object, Object, Object, Object, Object, Object, Object, Object] @ http://localhost:8765/js/app.js:1566
[   61632ms] [LOG] Teams retrieved: [Object, Object, Object, Object, Object, Object, Object, Object, Object, Object] @ http://localhost:8765/js/app.js:603
[   61632ms] [LOG] Team Coke stats: {roundsLost: 4, draws: 0, roundsWon: 5, losses: 1, matchesPlayed: 1} @ http://localhost:8765/js/app.js:629
[   61632ms] [LOG] Team Sprite stats: {totalScore: 520, points: 3, wins: 1, roundsWon: 4, draws: 0} @ http://localhost:8765/js/app.js:629
[   61632ms] [LOG] Team AlphaStark stats: {roundsWon: 37, roundsLost: 36, draws: 0, losses: 3, matchesPlayed: 8} @ http://localhost:8765/js/app.js:629
[   61632ms] [LOG] Team SkySage stats: {losses: 5, matchesPlayed: 8, draws: 0, roundsLost: 37, roundsWon: 36} @ http://localhost:8765/js/app.js:629
[   61632ms] [LOG] Team Gaurav/Akash stats: {roundsWon: 93, draws: 0, roundsLost: 107, matchesPlayed: 22, losses: 10} @ http://localhost:8765/js/app.js:629
[   61632ms] [LOG] Team Alegeus stars stats: {losses: 2, matchesPlayed: 4, draws: 0, roundsLost: 20, roundsWon: 14} @ http://localhost:8765/js/app.js:629
[   61632ms] [LOG] Team Gaurav/ Palash stats: {points: 0, wins: 0, totalScore: 36, matchesPlayed: 1, losses: 1} @ http://localhost:8765/js/app.js:629
[   61632ms] [LOG] Team KorbaGang stats: {wins: 8, points: 24, totalScore: 7460, matchesPlayed: 19, losses: 11} @ http://localhost:8765/js/app.js:629
[   61632ms] [LOG] Team K2-G stats: {matchesPlayed: 1, losses: 0, roundsWon: 6, roundsLost: 2, draws: 0} @ http://localhost:8765/js/app.js:629
[   61632ms] [LOG] Team Sky/K2 stats: {points: 3, wins: 1, totalScore: 552, matchesPlayed: 1, losses: 0} @ http://localhost:8765/js/app.js:629
[   61634ms] [LOG] Teams retrieved: [Object, Object, Object, Object, Object, Object, Object, Object, Object, Object] @ http://localhost:8765/js/app.js:603
[   61634ms] [LOG] Team Coke stats: {roundsLost: 4, draws: 0, roundsWon: 5, losses: 1, matchesPlayed: 1} @ http://localhost:8765/js/app.js:629
[   61634ms] [LOG] Team Sprite stats: {totalScore: 520, points: 3, wins: 1, roundsWon: 4, draws: 0} @ http://localhost:8765/js/app.js:629
[   61634ms] [LOG] Team AlphaStark stats: {roundsWon: 37, roundsLost: 36, draws: 0, losses: 3, matchesPlayed: 8} @ http://localhost:8765/js/app.js:629
[   61634ms] [LOG] Team SkySage stats: {losses: 5, matchesPlayed: 8, draws: 0, roundsLost: 37, roundsWon: 36} @ http://localhost:8765/js/app.js:629
[   61634ms] [LOG] Team Gaurav/Akash stats: {roundsWon: 93, draws: 0, roundsLost: 107, matchesPlayed: 22, losses: 10} @ http://localhost:8765/js/app.js:629
[   61634ms] [LOG] Team Alegeus stars stats: {losses: 2, matchesPlayed: 4, draws: 0, roundsLost: 20, roundsWon: 14} @ http://localhost:8765/js/app.js:629
[   61634ms] [LOG] Team Gaurav/ Palash stats: {points: 0, wins: 0, totalScore: 36, matchesPlayed: 1, losses: 1} @ http://localhost:8765/js/app.js:629
[   61634ms] [LOG] Team KorbaGang stats: {wins: 8, points: 24, totalScore: 7460, matchesPlayed: 19, losses: 11} @ http://localhost:8765/js/app.js:629
[   61634ms] [LOG] Team K2-G stats: {matchesPlayed: 1, losses: 0, roundsWon: 6, roundsLost: 2, draws: 0} @ http://localhost:8765/js/app.js:629
[   61634ms] [LOG] Team Sky/K2 stats: {points: 3, wins: 1, totalScore: 552, matchesPlayed: 1, losses: 0} @ http://localhost:8765/js/app.js:629
[   62362ms] [LOG] Team statistics updated successfully @ http://localhost:8765/js/services/matchService.js:293
[   63236ms] [LOG] Received real-time update for teams: [Object, Object, Object, Object, Object, Object, Object, Object, Object, Object] @ http://localhost:8765/js/app.js:1566
[   63238ms] [LOG] Received real-time update for teams: [Object, Object, Object, Object, Object, Object, Object, Object, Object, Object] @ http://localhost:8765/js/app.js:1566
[   63240ms] [LOG] Teams retrieved: [Object, Object, Object, Object, Object, Object, Object, Object, Object, Object] @ http://localhost:8765/js/app.js:603
[   63240ms] [LOG] Team Coke stats: {roundsLost: 4, draws: 0, roundsWon: 5, losses: 1, matchesPlayed: 1} @ http://localhost:8765/js/app.js:629
[   63240ms] [LOG] Team Sprite stats: {totalScore: 520, points: 3, wins: 1, roundsWon: 4, draws: 0} @ http://localhost:8765/js/app.js:629
[   63240ms] [LOG] Team AlphaStark stats: {wins: 5, points: 15, totalScore: 3988, matchesPlayed: 9, losses: 4} @ http://localhost:8765/js/app.js:629
[   63240ms] [LOG] Team SkySage stats: {points: 12, wins: 4, totalScore: 3579, losses: 5, matchesPlayed: 9} @ http://localhost:8765/js/app.js:629
[   63240ms] [LOG] Team Gaurav/Akash stats: {roundsWon: 93, draws: 0, roundsLost: 107, matchesPlayed: 22, losses: 10} @ http://localhost:8765/js/app.js:629
[   63240ms] [LOG] Team Alegeus stars stats: {losses: 2, matchesPlayed: 4, draws: 0, roundsLost: 20, roundsWon: 14} @ http://localhost:8765/js/app.js:629
[   63240ms] [LOG] Team Gaurav/ Palash stats: {points: 0, wins: 0, totalScore: 36, matchesPlayed: 1, losses: 1} @ http://localhost:8765/js/app.js:629
[   63240ms] [LOG] Team KorbaGang stats: {wins: 8, points: 24, totalScore: 7460, matchesPlayed: 19, losses: 11} @ http://localhost:8765/js/app.js:629
[   63240ms] [LOG] Team K2-G stats: {matchesPlayed: 1, losses: 0, roundsWon: 6, roundsLost: 2, draws: 0} @ http://localhost:8765/js/app.js:629
[   63240ms] [LOG] Team Sky/K2 stats: {points: 3, wins: 1, totalScore: 552, matchesPlayed: 1, losses: 0} @ http://localhost:8765/js/app.js:629
[   63242ms] [LOG] Teams retrieved: [Object, Object, Object, Object, Object, Object, Object, Object, Object, Object] @ http://localhost:8765/js/app.js:603
[   63242ms] [LOG] Team Coke stats: {roundsLost: 4, draws: 0, roundsWon: 5, losses: 1, matchesPlayed: 1} @ http://localhost:8765/js/app.js:629
[   63242ms] [LOG] Team Sprite stats: {totalScore: 520, points: 3, wins: 1, roundsWon: 4, draws: 0} @ http://localhost:8765/js/app.js:629
[   63242ms] [LOG] Team AlphaStark stats: {wins: 5, points: 15, totalScore: 3988, matchesPlayed: 9, losses: 4} @ http://localhost:8765/js/app.js:629
[   63242ms] [LOG] Team SkySage stats: {points: 12, wins: 4, totalScore: 3579, losses: 5, matchesPlayed: 9} @ http://localhost:8765/js/app.js:629
[   63242ms] [LOG] Team Gaurav/Akash stats: {roundsWon: 93, draws: 0, roundsLost: 107, matchesPlayed: 22, losses: 10} @ http://localhost:8765/js/app.js:629
[   63242ms] [LOG] Team Alegeus stars stats: {losses: 2, matchesPlayed: 4, draws: 0, roundsLost: 20, roundsWon: 14} @ http://localhost:8765/js/app.js:629
[   63242ms] [LOG] Team Gaurav/ Palash stats: {points: 0, wins: 0, totalScore: 36, matchesPlayed: 1, losses: 1} @ http://localhost:8765/js/app.js:629
[   63242ms] [LOG] Team KorbaGang stats: {wins: 8, points: 24, totalScore: 7460, matchesPlayed: 19, losses: 11} @ http://localhost:8765/js/app.js:629
[   63242ms] [LOG] Team K2-G stats: {matchesPlayed: 1, losses: 0, roundsWon: 6, roundsLost: 2, draws: 0} @ http://localhost:8765/js/app.js:629
[   63242ms] [LOG] Team Sky/K2 stats: {points: 3, wins: 1, totalScore: 552, matchesPlayed: 1, losses: 0} @ http://localhost:8765/js/app.js:629
[   63999ms] [LOG] Team statistics updated successfully @ http://localhost:8765/js/services/matchService.js:293
[   64785ms] [LOG] Received real-time update for teams: [Object, Object, Object, Object, Object, Object, Object, Object, Object, Object] @ http://localhost:8765/js/app.js:1566
[   64786ms] [LOG] Received real-time update for teams: [Object, Object, Object, Object, Object, Object, Object, Object, Object, Object] @ http://localhost:8765/js/app.js:1566
[   64787ms] [LOG] Teams retrieved: [Object, Object, Object, Object, Object, Object, Object, Object, Object, Object] @ http://localhost:8765/js/app.js:603
[   64787ms] [LOG] Team Coke stats: {roundsLost: 7, draws: 0, roundsWon: 10, losses: 2, matchesPlayed: 2} @ http://localhost:8765/js/app.js:629
[   64787ms] [LOG] Team Sprite stats: {totalScore: 1063, points: 6, wins: 2, roundsWon: 7, draws: 0} @ http://localhost:8765/js/app.js:629
[   64787ms] [LOG] Team AlphaStark stats: {totalScore: 3988, points: 15, wins: 5, roundsWon: 42, draws: 0} @ http://localhost:8765/js/app.js:629
[   64787ms] [LOG] Team SkySage stats: {losses: 5, matchesPlayed: 9, roundsWon: 40, roundsLost: 42, draws: 0} @ http://localhost:8765/js/app.js:629
[   64787ms] [LOG] Team Gaurav/Akash stats: {roundsWon: 93, draws: 0, roundsLost: 107, matchesPlayed: 22, losses: 10} @ http://localhost:8765/js/app.js:629
[   64787ms] [LOG] Team Alegeus stars stats: {losses: 2, matchesPlayed: 4, draws: 0, roundsLost: 20, roundsWon: 14} @ http://localhost:8765/js/app.js:629
[   64787ms] [LOG] Team Gaurav/ Palash stats: {points: 0, wins: 0, totalScore: 36, matchesPlayed: 1, losses: 1} @ http://localhost:8765/js/app.js:629
[   64787ms] [LOG] Team KorbaGang stats: {wins: 8, points: 24, totalScore: 7460, matchesPlayed: 19, losses: 11} @ http://localhost:8765/js/app.js:629
[   64787ms] [LOG] Team K2-G stats: {matchesPlayed: 1, losses: 0, roundsWon: 6, roundsLost: 2, draws: 0} @ http://localhost:8765/js/app.js:629
[   64787ms] [LOG] Team Sky/K2 stats: {points: 3, wins: 1, totalScore: 552, matchesPlayed: 1, losses: 0} @ http://localhost:8765/js/app.js:629
[   64789ms] [LOG] Teams retrieved: [Object, Object, Object, Object, Object, Object, Object, Object, Object, Object] @ http://localhost:8765/js/app.js:603
[   64789ms] [LOG] Team Coke stats: {roundsLost: 7, draws: 0, roundsWon: 10, losses: 2, matchesPlayed: 2} @ http://localhost:8765/js/app.js:629
[   64789ms] [LOG] Team Sprite stats: {totalScore: 1063, points: 6, wins: 2, roundsWon: 7, draws: 0} @ http://localhost:8765/js/app.js:629
[   64789ms] [LOG] Team AlphaStark stats: {totalScore: 3988, points: 15, wins: 5, roundsWon: 42, draws: 0} @ http://localhost:8765/js/app.js:629
[   64789ms] [LOG] Team SkySage stats: {losses: 5, matchesPlayed: 9, roundsWon: 40, roundsLost: 42, draws: 0} @ http://localhost:8765/js/app.js:629
[   64789ms] [LOG] Team Gaurav/Akash stats: {roundsWon: 93, draws: 0, roundsLost: 107, matchesPlayed: 22, losses: 10} @ http://localhost:8765/js/app.js:629
[   64789ms] [LOG] Team Alegeus stars stats: {losses: 2, matchesPlayed: 4, draws: 0, roundsLost: 20, roundsWon: 14} @ http://localhost:8765/js/app.js:629
[   64789ms] [LOG] Team Gaurav/ Palash stats: {points: 0, wins: 0, totalScore: 36, matchesPlayed: 1, losses: 1} @ http://localhost:8765/js/app.js:629
[   64789ms] [LOG] Team KorbaGang stats: {wins: 8, points: 24, totalScore: 7460, matchesPlayed: 19, losses: 11} @ http://localhost:8765/js/app.js:629
[   64789ms] [LOG] Team K2-G stats: {matchesPlayed: 1, losses: 0, roundsWon: 6, roundsLost: 2, draws: 0} @ http://localhost:8765/js/app.js:629
[   64789ms] [LOG] Team Sky/K2 stats: {points: 3, wins: 1, totalScore: 552, matchesPlayed: 1, losses: 0} @ http://localhost:8765/js/app.js:629
[   65499ms] [LOG] Team statistics updated successfully @ http://localhost:8765/js/services/matchService.js:293
[   66276ms] [LOG] Received real-time update for teams: [Object, Object, Object, Object, Object, Object, Object, Object, Object, Object] @ http://localhost:8765/js/app.js:1566
[   66277ms] [LOG] Received real-time update for teams: [Object, Object, Object, Object, Object, Object, Object, Object, Object, Object] @ http://localhost:8765/js/app.js:1566
[   66279ms] [LOG] Teams retrieved: [Object, Object, Object, Object, Object, Object, Object, Object, Object, Object] @ http://localhost:8765/js/app.js:603
[   66279ms] [LOG] Team Coke stats: {totalScore: 763, points: 0, wins: 0, roundsLost: 10, draws: 0} @ http://localhost:8765/js/app.js:629
[   66279ms] [LOG] Team Sprite stats: {wins: 3, points: 9, totalScore: 1606, losses: 0, matchesPlayed: 3} @ http://localhost:8765/js/app.js:629
[   66279ms] [LOG] Team AlphaStark stats: {totalScore: 3988, points: 15, wins: 5, roundsWon: 42, draws: 0} @ http://localhost:8765/js/app.js:629
[   66279ms] [LOG] Team SkySage stats: {losses: 5, matchesPlayed: 9, roundsWon: 40, roundsLost: 42, draws: 0} @ http://localhost:8765/js/app.js:629
[   66279ms] [LOG] Team Gaurav/Akash stats: {roundsWon: 93, draws: 0, roundsLost: 107, matchesPlayed: 22, losses: 10} @ http://localhost:8765/js/app.js:629
[   66279ms] [LOG] Team Alegeus stars stats: {losses: 2, matchesPlayed: 4, draws: 0, roundsLost: 20, roundsWon: 14} @ http://localhost:8765/js/app.js:629
[   66279ms] [LOG] Team Gaurav/ Palash stats: {points: 0, wins: 0, totalScore: 36, matchesPlayed: 1, losses: 1} @ http://localhost:8765/js/app.js:629
[   66279ms] [LOG] Team KorbaGang stats: {wins: 8, points: 24, totalScore: 7460, matchesPlayed: 19, losses: 11} @ http://localhost:8765/js/app.js:629
[   66279ms] [LOG] Team K2-G stats: {matchesPlayed: 1, losses: 0, roundsWon: 6, roundsLost: 2, draws: 0} @ http://localhost:8765/js/app.js:629
[   66279ms] [LOG] Team Sky/K2 stats: {points: 3, wins: 1, totalScore: 552, matchesPlayed: 1, losses: 0} @ http://localhost:8765/js/app.js:629
[   66281ms] [LOG] Teams retrieved: [Object, Object, Object, Object, Object, Object, Object, Object, Object, Object] @ http://localhost:8765/js/app.js:603
[   66281ms] [LOG] Team Coke stats: {totalScore: 763, points: 0, wins: 0, roundsLost: 10, draws: 0} @ http://localhost:8765/js/app.js:629
[   66281ms] [LOG] Team Sprite stats: {wins: 3, points: 9, totalScore: 1606, losses: 0, matchesPlayed: 3} @ http://localhost:8765/js/app.js:629
[   66281ms] [LOG] Team AlphaStark stats: {totalScore: 3988, points: 15, wins: 5, roundsWon: 42, draws: 0} @ http://localhost:8765/js/app.js:629
[   66281ms] [LOG] Team SkySage stats: {losses: 5, matchesPlayed: 9, roundsWon: 40, roundsLost: 42, draws: 0} @ http://localhost:8765/js/app.js:629
[   66281ms] [LOG] Team Gaurav/Akash stats: {roundsWon: 93, draws: 0, roundsLost: 107, matchesPlayed: 22, losses: 10} @ http://localhost:8765/js/app.js:629
[   66281ms] [LOG] Team Alegeus stars stats: {losses: 2, matchesPlayed: 4, draws: 0, roundsLost: 20, roundsWon: 14} @ http://localhost:8765/js/app.js:629
[   66281ms] [LOG] Team Gaurav/ Palash stats: {points: 0, wins: 0, totalScore: 36, matchesPlayed: 1, losses: 1} @ http://localhost:8765/js/app.js:629
[   66281ms] [LOG] Team KorbaGang stats: {wins: 8, points: 24, totalScore: 7460, matchesPlayed: 19, losses: 11} @ http://localhost:8765/js/app.js:629
[   66281ms] [LOG] Team K2-G stats: {matchesPlayed: 1, losses: 0, roundsWon: 6, roundsLost: 2, draws: 0} @ http://localhost:8765/js/app.js:629
[   66281ms] [LOG] Team Sky/K2 stats: {points: 3, wins: 1, totalScore: 552, matchesPlayed: 1, losses: 0} @ http://localhost:8765/js/app.js:629
[   66999ms] [LOG] Team statistics updated successfully @ http://localhost:8765/js/services/matchService.js:293
[   66999ms] [LOG] Team statistics recalculation completed @ http://localhost:8765/js/app.js:1539
[   67000ms] [LOG] Teams retrieved: [Object, Object, Object, Object, Object, Object, Object, Object, Object, Object] @ http://localhost:8765/js/app.js:603
[   67001ms] [LOG] Team Coke stats: {losses: 3, matchesPlayed: 3, draws: 0, roundsLost: 10, roundsWon: 15} @ http://localhost:8765/js/app.js:629
[   67001ms] [LOG] Team Sprite stats: {wins: 3, points: 9, totalScore: 1606, losses: 0, matchesPlayed: 3} @ http://localhost:8765/js/app.js:629
[   67001ms] [LOG] Team AlphaStark stats: {totalScore: 3988, points: 15, wins: 5, roundsWon: 42, draws: 0} @ http://localhost:8765/js/app.js:629
[   67001ms] [LOG] Team SkySage stats: {losses: 5, matchesPlayed: 9, roundsWon: 40, roundsLost: 42, draws: 0} @ http://localhost:8765/js/app.js:629
[   67001ms] [LOG] Team Gaurav/Akash stats: {roundsWon: 93, draws: 0, roundsLost: 107, matchesPlayed: 22, losses: 10} @ http://localhost:8765/js/app.js:629
[   67001ms] [LOG] Team Alegeus stars stats: {losses: 2, matchesPlayed: 4, draws: 0, roundsLost: 20, roundsWon: 14} @ http://localhost:8765/js/app.js:629
[   67001ms] [LOG] Team Gaurav/ Palash stats: {points: 0, wins: 0, totalScore: 36, matchesPlayed: 1, losses: 1} @ http://localhost:8765/js/app.js:629
[   67001ms] [LOG] Team KorbaGang stats: {wins: 8, points: 24, totalScore: 7460, matchesPlayed: 19, losses: 11} @ http://localhost:8765/js/app.js:629
[   67001ms] [LOG] Team K2-G stats: {matchesPlayed: 1, losses: 0, roundsWon: 6, roundsLost: 2, draws: 0} @ http://localhost:8765/js/app.js:629
[   67001ms] [LOG] Team Sky/K2 stats: {points: 3, wins: 1, totalScore: 552, matchesPlayed: 1, losses: 0} @ http://localhost:8765/js/app.js:629
